"","Sample_ID","Sample_date.x","Sample_site.x","Genus_sp_lifestage","Life_stage","Number_counted","Zoop_density","Zoop_biomass","Zoop_len_avg","Order1","Project","Subsampled_vol_mL","Diluted_vol_mL","Sample_date.y","Sample_site.y","Meter_1","Meter_2","Meter_B1","Meter_B2","Vol_sampled_L","Vol_sampled_L2","V1toV2ratio","V1equalsV2","Zoop_density1a","Zoop_density2","blah"
"1","20040603-37-890","2004-06-03","37-890","A_vernalis_wo_eggs","Older",10,0.616658030028368,1.96893052791479,0.7217375,"Cyclopoida","LEPAS",20,3000,2004-06-03,"37-890",4777,5144,NA,NA,1936.4755,1936.4755,1,"same",0.774603138536997,0.774603138536997,0.157945108508628
"2","20040603-37-890","2004-06-03","37-890","A_vernalis_wo_eggs","Older",10,0.616658030028368,1.96893052791479,0.7217375,"Cyclopoida","LEPAS",20,3000,2004-06-03,"37-890",4777,5144,NA,NA,1936.4755,1936.4755,1,"same",0.774603138536997,0.774603138536997,0.157945108508628
"3","20040603-37-890","2004-06-03","37-890","Calanoid_nauplii","Nauplii",23,1.41831346906525,0.382349387118038,0.241333333333333,"Calanoida","LEPAS",20,3000,2004-06-03,"37-890",4777,5144,NA,NA,1936.4755,1936.4755,1,"same",1.78158721863509,1.78158721863509,0.363273749569845
"4","20040603-37-890","2004-06-03","37-890","Cyclopoid_nauplii","Nauplii",18,1.10998445405106,0.256309744285457,0.22625,"Cyclopoida","LEPAS",20,3000,2004-06-03,"37-890",4777,5144,NA,NA,1936.4755,1936.4755,1,"same",1.39428564936659,1.39428564936659,0.284301195315531
"5","20040603-37-890","2004-06-03","37-890","Cyclopoida_unclass","Younger",15,0.924987045042552,0.833762465795384,0.382685714285714,"Cyclopoida","LEPAS",20,3000,2004-06-03,"37-890",4777,5144,NA,NA,1936.4755,1936.4755,1,"same",1.16190470780549,1.16190470780549,0.236917662762942
"6","20040603-37-890","2004-06-03","37-890","D_retrocurva_eggs","Egg",113,6.96823573932056,4.10220037973802,NA,"Cladocera","LEPAS",20,3000,2004-06-03,"37-890",4777,5144,NA,NA,1936.4755,1936.4755,1,"same",8.75301546546806,8.75301546546806,1.7847797261475
"7","20040603-37-890","2004-06-03","37-890","D_retrocurva_w_eggs","Older",24,1.47997927206808,16.6679761142263,1.48559230769231,"Cladocera","LEPAS",20,3000,2004-06-03,"37-890",4777,5144,NA,NA,1936.4755,1936.4755,1,"same",1.85904753248879,1.85904753248879,0.379068260420708
"8","20040603-37-890","2004-06-03","37-890","D_retrocurva_wo_eggs","Older",113,6.96823573932056,17.7405643569829,0.815892307692308,"Cladocera","LEPAS",20,3000,2004-06-03,"37-890",4777,5144,NA,NA,1936.4755,1936.4755,1,"same",8.75301546546806,8.75301546546806,1.7847797261475
"9","20040603-37-890","2004-06-03","37-890","D_thomasi_eggs","Egg",14,0.863321242039716,0.145037968662672,NA,"Cyclopoida","LEPAS",20,3000,2004-06-03,"37-890",4777,5144,NA,NA,1936.4755,1936.4755,1,"same",1.0844443939518,1.0844443939518,0.22112315191208
"10","20040603-37-890","2004-06-03","37-890","D_thomasi_wo_eggs","Older",7,0.431660621019858,1.32733301606005,0.72038,"Cyclopoida","LEPAS",20,3000,2004-06-03,"37-890",4777,5144,NA,NA,1936.4755,1936.4755,1,"same",0.542222196975898,0.542222196975898,0.11056157595604
"11","20040603-37-890","2004-06-03","37-890","D_thomasi_wo_eggs","Older",7,0.431660621019858,1.32733301606005,0.72038,"Cyclopoida","LEPAS",20,3000,2004-06-03,"37-890",4777,5144,NA,NA,1936.4755,1936.4755,1,"same",0.542222196975898,0.542222196975898,0.11056157595604
"12","20040603-37-890","2004-06-03","37-890","Diaphanosoma_eggs","Egg",9,0.554992227025532,0.371844792107106,NA,"Cladocera","LEPAS",20,3000,2004-06-03,"37-890",4777,5144,NA,NA,1936.4755,1936.4755,1,"same",0.697142824683297,0.697142824683297,0.142150597657765
"13","20040603-37-890","2004-06-03","37-890","Diaphanosoma_wo_eggs","Older",23,1.41831346906525,4.05484695452307,0.576614285714286,"Cladocera","LEPAS",20,3000,2004-06-03,"37-890",4777,5144,NA,NA,1936.4755,1936.4755,1,"same",1.78158721863509,1.78158721863509,0.363273749569845
"14","20040603-37-890","2004-06-03","37-890","E_carolleeae_eggs","Egg",176,10.8531813284993,1.25354244344167,NA,"Calanoida","LEPAS",20,3000,2004-06-03,"37-890",4777,5144,NA,NA,1936.4755,1936.4755,1,"same",13.6330152382511,13.6330152382511,2.77983390975186
"15","20040603-37-890","2004-06-03","37-890","E_carolleeae_wo_eggs","Older",30,1.8499740900851,6.95130984706001,0.780885714285714,"Calanoida","LEPAS",20,3000,2004-06-03,"37-890",4777,5144,NA,NA,1936.4755,1936.4755,1,"same",2.32380941561099,2.32380941561099,0.473835325525885
"16","20040603-37-890","2004-06-03","37-890","E_carolleeae_wo_eggs","Older",30,1.8499740900851,6.95130984706001,0.780885714285714,"Calanoida","LEPAS",20,3000,2004-06-03,"37-890",4777,5144,NA,NA,1936.4755,1936.4755,1,"same",2.32380941561099,2.32380941561099,0.473835325525885
"17","20040603-37-890","2004-06-03","37-890","E_carolleeae_wo_eggs","Younger",12,0.739989636034042,1.26668491886598,0.491285714285714,"Calanoida","LEPAS",20,3000,2004-06-03,"37-890",4777,5144,NA,NA,1936.4755,1936.4755,1,"same",0.929523766244396,0.929523766244396,0.189534130210354
"18","20040603-37-890","2004-06-03","37-890","E_carolleeae_wo_eggs","Younger",12,0.739989636034042,1.26668491886598,0.491285714285714,"Calanoida","LEPAS",20,3000,2004-06-03,"37-890",4777,5144,NA,NA,1936.4755,1936.4755,1,"same",0.929523766244396,0.929523766244396,0.189534130210354
"19","20040603-37-890","2004-06-03","37-890","Loose_Copepod_eggs","Egg",15,0.924987045042552,0.106281011475389,NA,"Copepoda spp.","LEPAS",20,3000,2004-06-03,"37-890",4777,5144,NA,NA,1936.4755,1936.4755,1,"same",1.16190470780549,1.16190470780549,0.236917662762942
"20","20040603-37-890","2004-06-03","37-890","M_edax_eggs","Egg",15,0.924987045042552,0.161872732882447,NA,"Cyclopoida","LEPAS",20,3000,2004-06-03,"37-890",4777,5144,NA,NA,1936.4755,1936.4755,1,"same",1.16190470780549,1.16190470780549,0.236917662762942
"21","20040603-37-890","2004-06-03","37-890","M_edax_wo_eggs","Older",66,4.06994299818723,18.0163571066036,0.844666666666667,"Cyclopoida","LEPAS",20,3000,2004-06-03,"37-890",4777,5144,NA,NA,1936.4755,1936.4755,1,"same",5.11238071434418,5.11238071434418,1.04243771615695
"22","20040603-37-890","2004-06-03","37-890","M_edax_wo_eggs","Older",66,4.06994299818723,18.0163571066036,0.844666666666667,"Cyclopoida","LEPAS",20,3000,2004-06-03,"37-890",4777,5144,NA,NA,1936.4755,1936.4755,1,"same",5.11238071434418,5.11238071434418,1.04243771615695
"23","20040603-37-890","2004-06-03","37-890","M_edax_wo_eggs","Younger",7,0.431660621019858,0.345747925984254,0.47965,"Cyclopoida","LEPAS",20,3000,2004-06-03,"37-890",4777,5144,NA,NA,1936.4755,1936.4755,1,"same",0.542222196975898,0.542222196975898,0.11056157595604
"24","20040603-37-890","2004-06-03","37-890","M_edax_wo_eggs","Younger",7,0.431660621019858,0.345747925984254,0.47965,"Cyclopoida","LEPAS",20,3000,2004-06-03,"37-890",4777,5144,NA,NA,1936.4755,1936.4755,1,"same",0.542222196975898,0.542222196975898,0.11056157595604
"25","20070829-1281_10m","2007-08-29","1281_10m","B_longirostris_eggs","Egg",33,1.52540140013359,0.77795471406813,NA,"Cladocera","LEPAS",10,1000,2007-08-29,"1281_10m",469883,470293,NA,NA,1229.4245,1229.4245,1.75965665236052,"dif",2.68418272126511,2.68418272126511,1.15878132113152
"26","20070829-1281_10m","2007-08-29","1281_10m","B_longirostris_w_eggs","Older",16,0.739588557640528,1.01356268524877,0.31415,"Cladocera","LEPAS",10,1000,2007-08-29,"1281_10m",469883,470293,NA,NA,1229.4245,1229.4245,1.75965665236052,"dif",1.30142192546187,1.30142192546187,0.561833367821345
"27","20070829-1281_10m","2007-08-29","1281_10m","B_longirostris_wo_eggs","Older",13,0.600915703082929,0.645018717742117,0.277114285714286,"Cladocera","LEPAS",10,1000,2007-08-29,"1281_10m",469883,470293,NA,NA,1229.4245,1229.4245,1.75965665236052,"dif",1.05740531443777,1.05740531443777,0.456489611354843
"28","20070829-1281_10m","2007-08-29","1281_10m","Calanoid_nauplii","Nauplii",8,0.369794278820264,0.1181786903555,0.26718,"Calanoida","LEPAS",10,1000,2007-08-29,"1281_10m",469883,470293,NA,NA,1229.4245,1229.4245,1.75965665236052,"dif",0.650710962730936,0.650710962730936,0.280916683910673
"29","20070829-1281_10m","2007-08-29","1281_10m","Calanoida_unclass","Younger",105,4.85354990951596,8.57387299537005,0.508478571428571,"Calanoida","LEPAS",10,1000,2007-08-29,"1281_10m",469883,470293,NA,NA,1229.4245,1229.4245,1.75965665236052,"dif",8.54058138584354,8.54058138584354,3.68703147632758
"30","20070829-1281_10m","2007-08-29","1281_10m","Cyclopoid_nauplii","Nauplii",14,0.647139987935462,0.138084697260188,0.215025,"Cyclopoida","LEPAS",10,1000,2007-08-29,"1281_10m",469883,470293,NA,NA,1229.4245,1229.4245,1.75965665236052,"dif",1.13874418477914,1.13874418477914,0.491604196843677
"31","20070829-1281_10m","2007-08-29","1281_10m","Cyclopoida_unclass","Younger",47,2.17254138806905,2.56204031911502,0.43737,"Cyclopoida","LEPAS",10,1000,2007-08-29,"1281_10m",469883,470293,NA,NA,1229.4245,1229.4245,1.75965665236052,"dif",3.82292690604425,3.82292690604425,1.6503855179752
"32","20070829-1281_10m","2007-08-29","1281_10m","D_mendotae_wo_eggs","Older",7,0.323569993967731,1.53369917542774,0.7442,"Cladocera","LEPAS",10,1000,2007-08-29,"1281_10m",469883,470293,NA,NA,1229.4245,1229.4245,1.75965665236052,"dif",0.569372092389569,0.569372092389569,0.245802098421838
"33","20070829-1281_10m","2007-08-29","1281_10m","Diaphanosoma_wo_eggs","Older",40,1.84897139410132,5.04376294001498,0.55144,"Cladocera","LEPAS",10,1000,2007-08-29,"1281_10m",469883,470293,NA,NA,1229.4245,1229.4245,1.75965665236052,"dif",3.25355481365468,3.25355481365468,1.40458341955336
"34","20070829-1281_10m","2007-08-29","1281_10m","Dreissena_veligers","Veliger",43,1.98764424865892,0.924254575626397,0.2013,"Veneroida","LEPAS",10,1000,2007-08-29,"1281_10m",469883,470293,NA,NA,1229.4245,1229.4245,1.75965665236052,"dif",3.49757142467878,3.49757142467878,1.50992717601986
"35","20070829-1281_10m","2007-08-29","1281_10m","Kellicottia","Older",5,0.231121424262665,0.0143295283042852,NA,"Ploima","LEPAS",10,1000,2007-08-29,"1281_10m",469883,470293,NA,NA,1229.4245,1229.4245,1.75965665236052,"dif",0.406694351706835,0.406694351706835,0.17557292744417
"36","20070829-1281_10m","2007-08-29","1281_10m","M_edax_wo_eggs","Older",8,0.369794278820264,0.900433495992729,0.69845,"Cyclopoida","LEPAS",10,1000,2007-08-29,"1281_10m",469883,470293,NA,NA,1229.4245,1229.4245,1.75965665236052,"dif",0.650710962730936,0.650710962730936,0.280916683910673
"37","20070829-1281_10m","2007-08-29","1281_10m","M_edax_wo_eggs","Older",8,0.369794278820264,0.900433495992729,0.69845,"Cyclopoida","LEPAS",10,1000,2007-08-29,"1281_10m",469883,470293,NA,NA,1229.4245,1229.4245,1.75965665236052,"dif",0.650710962730936,0.650710962730936,0.280916683910673
"38","20070829-1281_10m","2007-08-29","1281_10m","M_edax_wo_eggs","Younger",4,0.184897139410132,0.197165847411012,0.5307,"Cyclopoida","LEPAS",10,1000,2007-08-29,"1281_10m",469883,470293,NA,NA,1229.4245,1229.4245,1.75965665236052,"dif",0.325355481365468,0.325355481365468,0.140458341955336
"39","20070829-1281_10m","2007-08-29","1281_10m","M_edax_wo_eggs","Younger",4,0.184897139410132,0.197165847411012,0.5307,"Cyclopoida","LEPAS",10,1000,2007-08-29,"1281_10m",469883,470293,NA,NA,1229.4245,1229.4245,1.75965665236052,"dif",0.325355481365468,0.325355481365468,0.140458341955336
"40","20070829-1281_10m","2007-08-29","1281_10m","S_oregonensis_wo_eggs","Older",14,0.647139987935462,3.80587684460444,0.971933333333333,"Calanoida","LEPAS",10,1000,2007-08-29,"1281_10m",469883,470293,NA,NA,1229.4245,1229.4245,1.75965665236052,"dif",1.13874418477914,1.13874418477914,0.491604196843677
"41","20070829-1281_10m","2007-08-29","1281_10m","S_oregonensis_wo_eggs","Older",14,0.647139987935462,3.80587684460444,0.971933333333333,"Calanoida","LEPAS",10,1000,2007-08-29,"1281_10m",469883,470293,NA,NA,1229.4245,1229.4245,1.75965665236052,"dif",1.13874418477914,1.13874418477914,0.491604196843677
"42","20070829-1281_10m","2007-08-29","1281_10m","Unidentified_Rotifers","Older",12,0.554691418230396,0.243509532603144,NA,"Rotifera spp.","LEPAS",10,1000,2007-08-29,"1281_10m",469883,470293,NA,NA,1229.4245,1229.4245,1.75965665236052,"dif",0.976066444096404,0.976066444096404,0.421375025866009
"43","20090713-1279_20m","2009-07-13","1279_20m","A_vernalis_wo_eggs","Older",5,35.5349189803847,78.5279693371164,0.629,"Cyclopoida","LEPAS",16,6000,2009-07-13,"1279_20m",586428,586438,NA,NA,3435.0015,3435.0015,0.0153609831029186,"dif",0.545851290021271,0.545851290021271,-34.9890676903635
"44","20090713-1279_20m","2009-07-13","1279_20m","A_vernalis_wo_eggs","Older",5,35.5349189803847,78.5279693371164,0.629,"Cyclopoida","LEPAS",16,6000,2009-07-13,"1279_20m",586428,586438,NA,NA,3435.0015,3435.0015,0.0153609831029186,"dif",0.545851290021271,0.545851290021271,-34.9890676903635
"45","20090713-1279_20m","2009-07-13","1279_20m","A_vernalis_wo_eggs","Younger",1,7.10698379607695,9.35457385137028,0.518,"Cyclopoida","LEPAS",16,6000,2009-07-13,"1279_20m",586428,586438,NA,NA,3435.0015,3435.0015,0.0153609831029186,"dif",0.109170258004254,0.109170258004254,-6.99781353807269
"46","20090713-1279_20m","2009-07-13","1279_20m","A_vernalis_wo_eggs","Younger",1,7.10698379607695,9.35457385137028,0.518,"Cyclopoida","LEPAS",16,6000,2009-07-13,"1279_20m",586428,586438,NA,NA,3435.0015,3435.0015,0.0153609831029186,"dif",0.109170258004254,0.109170258004254,-6.99781353807269
"47","20090713-1279_20m","2009-07-13","1279_20m","B_coregoni_eggs","Egg",13,92.3907893490003,101.19563157396,NA,"Cladocera","LEPAS",16,6000,2009-07-13,"1279_20m",586428,586438,NA,NA,3435.0015,3435.0015,0.0153609831029186,"dif",1.4192133540553,1.4192133540553,-90.971575994945
"48","20090713-1279_20m","2009-07-13","1279_20m","B_coregoni_w_eggs","Older",4,28.4279351843078,140.16633136173,0.52725,"Cladocera","LEPAS",16,6000,2009-07-13,"1279_20m",586428,586438,NA,NA,3435.0015,3435.0015,0.0153609831029186,"dif",0.436681032017017,0.436681032017017,-27.9912541522908
"49","20090713-1279_20m","2009-07-13","1279_20m","B_coregoni_wo_eggs","Older",10,71.0698379607694,132.133562440344,0.3441,"Cladocera","LEPAS",16,6000,2009-07-13,"1279_20m",586428,586438,NA,NA,3435.0015,3435.0015,0.0153609831029186,"dif",1.09170258004254,1.09170258004254,-69.9781353807269
"50","20090713-1279_20m","2009-07-13","1279_20m","B_longirostris_eggs","Egg",10,71.0698379607694,36.2456173599924,NA,"Cladocera","LEPAS",16,6000,2009-07-13,"1279_20m",586428,586438,NA,NA,3435.0015,3435.0015,0.0153609831029186,"dif",1.09170258004254,1.09170258004254,-69.9781353807269
"51","20090713-1279_20m","2009-07-13","1279_20m","B_longirostris_w_eggs","Older",6,42.6419027764617,82.1285814029432,0.3663,"Cladocera","LEPAS",16,6000,2009-07-13,"1279_20m",586428,586438,NA,NA,3435.0015,3435.0015,0.0153609831029186,"dif",0.655021548025525,0.655021548025525,-41.9868812284361
"52","20090713-1279_20m","2009-07-13","1279_20m","B_longirostris_wo_eggs","Older",44,312.707287027386,394.032536077383,0.297681818181818,"Cladocera","LEPAS",16,6000,2009-07-13,"1279_20m",586428,586438,NA,NA,3435.0015,3435.0015,0.0153609831029186,"dif",4.80349135218718,4.80349135218718,-307.903795675198
"53","20090713-1279_20m","2009-07-13","1279_20m","C_pengoi_wo_eggs","Older",1,7.10698379607695,29.5183414536001,1.258,"Cladocera","LEPAS",16,6000,2009-07-13,"1279_20m",586428,586438,NA,NA,3435.0015,3435.0015,0.0153609831029186,"dif",0.109170258004254,0.109170258004254,-6.99781353807269
"54","20090713-1279_20m","2009-07-13","1279_20m","Calanoid_nauplii","Nauplii",155,1101.58248839193,296.440934759454,0.2381875,"Calanoida","LEPAS",16,6000,2009-07-13,"1279_20m",586428,586438,NA,NA,3435.0015,3435.0015,0.0153609831029186,"dif",16.9213899906594,16.9213899906594,-1084.66109840127
"55","20090713-1279_20m","2009-07-13","1279_20m","Calanoida_unclass","Younger",112,795.982185160618,2567.36768028417,0.698375,"Calanoida","LEPAS",16,6000,2009-07-13,"1279_20m",586428,586438,NA,NA,3435.0015,3435.0015,0.0153609831029186,"dif",12.2270688964765,12.2270688964765,-783.755116264141
"56","20090713-1279_20m","2009-07-13","1279_20m","Cyclopoid_nauplii","Nauplii",49,348.24220600777,75.3036779285415,0.215833333333333,"Cyclopoida","LEPAS",16,6000,2009-07-13,"1279_20m",586428,586438,NA,NA,3435.0015,3435.0015,0.0153609831029186,"dif",5.34934264220845,5.34934264220845,-342.892863365562
"57","20090713-1279_20m","2009-07-13","1279_20m","Cyclopoida_unclass","Younger",70,497.488865725386,525.991937583814,0.40885,"Cyclopoida","LEPAS",16,6000,2009-07-13,"1279_20m",586428,586438,NA,NA,3435.0015,3435.0015,0.0153609831029186,"dif",7.64191806029779,7.64191806029779,-489.846947665088
"58","20090713-1279_20m","2009-07-13","1279_20m","D_mendotae_eggs","Egg",8,56.8558703686156,33.471050886004,NA,"Cladocera","LEPAS",16,6000,2009-07-13,"1279_20m",586428,586438,NA,NA,3435.0015,3435.0015,0.0153609831029186,"dif",0.873362064034033,0.873362064034033,-55.9825083045815
"59","20090713-1279_20m","2009-07-13","1279_20m","D_mendotae_w_eggs","Older",3,21.3209513882308,426.45086286575,1.8685,"Cladocera","LEPAS",16,6000,2009-07-13,"1279_20m",586428,586438,NA,NA,3435.0015,3435.0015,0.0153609831029186,"dif",0.327510774012762,0.327510774012762,-20.9934406142181
"60","20090713-1279_20m","2009-07-13","1279_20m","D_mendotae_wo_eggs","Older",2,14.2139675921539,112.927226774625,0.999,"Cladocera","LEPAS",16,6000,2009-07-13,"1279_20m",586428,586438,NA,NA,3435.0015,3435.0015,0.0153609831029186,"dif",0.218340516008508,0.218340516008508,-13.9956270761454
"61","20090713-1279_20m","2009-07-13","1279_20m","D_retrocurva_eggs","Egg",11,78.1768217568464,46.0226949682555,NA,"Cladocera","LEPAS",16,6000,2009-07-13,"1279_20m",586428,586438,NA,NA,3435.0015,3435.0015,0.0153609831029186,"dif",1.2008728380468,1.2008728380468,-76.9759489187996
"62","20090713-1279_20m","2009-07-13","1279_20m","D_retrocurva_w_eggs","Older",5,35.5349189803847,335.803680166426,1.3468,"Cladocera","LEPAS",16,6000,2009-07-13,"1279_20m",586428,586438,NA,NA,3435.0015,3435.0015,0.0153609831029186,"dif",0.545851290021271,0.545851290021271,-34.9890676903635
"63","20090713-1279_20m","2009-07-13","1279_20m","D_retrocurva_wo_eggs","Older",49,348.24220600777,1194.82839279891,0.922533333333333,"Cladocera","LEPAS",16,6000,2009-07-13,"1279_20m",586428,586438,NA,NA,3435.0015,3435.0015,0.0153609831029186,"dif",5.34934264220845,5.34934264220845,-342.892863365562
"64","20090713-1279_20m","2009-07-13","1279_20m","D_thomasi_wo_eggs","Older",6,42.6419027764617,110.792399310479,0.662916666666667,"Cyclopoida","LEPAS",16,6000,2009-07-13,"1279_20m",586428,586438,NA,NA,3435.0015,3435.0015,0.0153609831029186,"dif",0.655021548025525,0.655021548025525,-41.9868812284361
"65","20090713-1279_20m","2009-07-13","1279_20m","D_thomasi_wo_eggs","Older",6,42.6419027764617,110.792399310479,0.662916666666667,"Cyclopoida","LEPAS",16,6000,2009-07-13,"1279_20m",586428,586438,NA,NA,3435.0015,3435.0015,0.0153609831029186,"dif",0.655021548025525,0.655021548025525,-41.9868812284361
"66","20090713-1279_20m","2009-07-13","1279_20m","D_thomasi_wo_eggs","Younger",7,49.7488865725386,73.8411775624255,0.4995,"Cyclopoida","LEPAS",16,6000,2009-07-13,"1279_20m",586428,586438,NA,NA,3435.0015,3435.0015,0.0153609831029186,"dif",0.764191806029779,0.764191806029779,-48.9846947665088
"67","20090713-1279_20m","2009-07-13","1279_20m","D_thomasi_wo_eggs","Younger",7,49.7488865725386,73.8411775624255,0.4995,"Cyclopoida","LEPAS",16,6000,2009-07-13,"1279_20m",586428,586438,NA,NA,3435.0015,3435.0015,0.0153609831029186,"dif",0.764191806029779,0.764191806029779,-48.9846947665088
"68","20090713-1279_20m","2009-07-13","1279_20m","Diaphanosoma_eggs","Egg",12,85.2838055529233,57.1401497204586,NA,"Cladocera","LEPAS",16,6000,2009-07-13,"1279_20m",586428,586438,NA,NA,3435.0015,3435.0015,0.0153609831029186,"dif",1.31004309605105,1.31004309605105,-83.9737624568723
"69","20090713-1279_20m","2009-07-13","1279_20m","Diaphanosoma_w_eggs","Older",2,14.2139675921539,74.1122938433336,1.02675,"Cladocera","LEPAS",16,6000,2009-07-13,"1279_20m",586428,586438,NA,NA,3435.0015,3435.0015,0.0153609831029186,"dif",0.218340516008508,0.218340516008508,-13.9956270761454
"70","20090713-1279_20m","2009-07-13","1279_20m","Diaphanosoma_wo_eggs","Older",40,284.279351843078,874.490663770533,0.619133333333333,"Cladocera","LEPAS",16,6000,2009-07-13,"1279_20m",586428,586438,NA,NA,3435.0015,3435.0015,0.0153609831029186,"dif",4.36681032017017,4.36681032017017,-279.912541522908
"71","20090713-1279_20m","2009-07-13","1279_20m","Dreissena_veligers","Veliger",10,71.0698379607694,33.0474746517578,0.2516,"Veneroida","LEPAS",16,6000,2009-07-13,"1279_20m",586428,586438,NA,NA,3435.0015,3435.0015,0.0153609831029186,"dif",1.09170258004254,1.09170258004254,-69.9781353807269
"72","20090713-1279_20m","2009-07-13","1279_20m","E_lacustris","Older",14,99.4977731450772,885.074195184818,1.17210714285714,"Calanoida","LEPAS",16,6000,2009-07-13,"1279_20m",586428,586438,NA,NA,3435.0015,3435.0015,0.0153609831029186,"dif",1.52838361205956,1.52838361205956,-97.9693895330177
"73","20090713-1279_20m","2009-07-13","1279_20m","E_lacustris","Older",14,99.4977731450772,885.074195184818,1.17210714285714,"Calanoida","LEPAS",16,6000,2009-07-13,"1279_20m",586428,586438,NA,NA,3435.0015,3435.0015,0.0153609831029186,"dif",1.52838361205956,1.52838361205956,-97.9693895330177
"74","20090713-1279_20m","2009-07-13","1279_20m","Kellicottia","Older",185,1314.79200227423,81.5171041410026,NA,"Ploima","LEPAS",16,6000,2009-07-13,"1279_20m",586428,586438,NA,NA,3435.0015,3435.0015,0.0153609831029186,"dif",20.196497730787,20.196497730787,-1294.59550454345
"75","20090713-1279_20m","2009-07-13","1279_20m","Keratella","Older",7,49.7488865725386,5.47237752297925,NA,"Ploima","LEPAS",16,6000,2009-07-13,"1279_20m",586428,586438,NA,NA,3435.0015,3435.0015,0.0153609831029186,"dif",0.764191806029779,0.764191806029779,-48.9846947665088
"76","20090713-1279_20m","2009-07-13","1279_20m","L_ashlandi_wo_eggs","Older",1,7.10698379607695,32.0774086110904,0.851,"Calanoida","LEPAS",16,6000,2009-07-13,"1279_20m",586428,586438,NA,NA,3435.0015,3435.0015,0.0153609831029186,"dif",0.109170258004254,0.109170258004254,-6.99781353807269
"77","20090713-1279_20m","2009-07-13","1279_20m","L_ashlandi_wo_eggs","Older",1,7.10698379607695,32.0774086110904,0.851,"Calanoida","LEPAS",16,6000,2009-07-13,"1279_20m",586428,586438,NA,NA,3435.0015,3435.0015,0.0153609831029186,"dif",0.109170258004254,0.109170258004254,-6.99781353807269
"78","20090713-1279_20m","2009-07-13","1279_20m","L_kindti_wo_eggs","Older",1,7.10698379607695,49.3933201031696,2.22,"Cladocera","LEPAS",16,6000,2009-07-13,"1279_20m",586428,586438,NA,NA,3435.0015,3435.0015,0.0153609831029186,"dif",0.109170258004254,0.109170258004254,-6.99781353807269
"79","20090713-1279_20m","2009-07-13","1279_20m","L_minutus_eggs","Egg",7,49.7488865725386,5.74599639912821,NA,"Calanoida","LEPAS",16,6000,2009-07-13,"1279_20m",586428,586438,NA,NA,3435.0015,3435.0015,0.0153609831029186,"dif",0.764191806029779,0.764191806029779,-48.9846947665088
"80","20090713-1279_20m","2009-07-13","1279_20m","L_minutus_w_eggs","Older",2,14.2139675921539,41.4235017396491,0.78625,"Calanoida","LEPAS",16,6000,2009-07-13,"1279_20m",586428,586438,NA,NA,3435.0015,3435.0015,0.0153609831029186,"dif",0.218340516008508,0.218340516008508,-13.9956270761454
"81","20090713-1279_20m","2009-07-13","1279_20m","L_minutus_w_eggs","Older",2,14.2139675921539,41.4235017396491,0.78625,"Calanoida","LEPAS",16,6000,2009-07-13,"1279_20m",586428,586438,NA,NA,3435.0015,3435.0015,0.0153609831029186,"dif",0.218340516008508,0.218340516008508,-13.9956270761454
"82","20090713-1279_20m","2009-07-13","1279_20m","L_siciloides_eggs","Egg",20,142.139675921539,16.4171325689377,NA,"Calanoida","LEPAS",16,6000,2009-07-13,"1279_20m",586428,586438,NA,NA,3435.0015,3435.0015,0.0153609831029186,"dif",2.18340516008508,2.18340516008508,-139.956270761454
"83","20090713-1279_20m","2009-07-13","1279_20m","L_siciloides_w_eggs","Older",2,14.2139675921539,60.4462611833807,0.91575,"Calanoida","LEPAS",16,6000,2009-07-13,"1279_20m",586428,586438,NA,NA,3435.0015,3435.0015,0.0153609831029186,"dif",0.218340516008508,0.218340516008508,-13.9956270761454
"84","20090713-1279_20m","2009-07-13","1279_20m","L_siciloides_w_eggs","Older",2,14.2139675921539,60.4462611833807,0.91575,"Calanoida","LEPAS",16,6000,2009-07-13,"1279_20m",586428,586438,NA,NA,3435.0015,3435.0015,0.0153609831029186,"dif",0.218340516008508,0.218340516008508,-13.9956270761454
"85","20090713-1279_20m","2009-07-13","1279_20m","L_siciloides_w_eggs","Younger",1,7.10698379607695,NA,NA,"Calanoida","LEPAS",16,6000,2009-07-13,"1279_20m",586428,586438,NA,NA,3435.0015,3435.0015,0.0153609831029186,"dif",0.109170258004254,0.109170258004254,-6.99781353807269
"86","20090713-1279_20m","2009-07-13","1279_20m","L_siciloides_w_eggs","Younger",1,7.10698379607695,NA,NA,"Calanoida","LEPAS",16,6000,2009-07-13,"1279_20m",586428,586438,NA,NA,3435.0015,3435.0015,0.0153609831029186,"dif",0.109170258004254,0.109170258004254,-6.99781353807269
"87","20090713-1279_20m","2009-07-13","1279_20m","L_siciloides_wo_eggs","Older",8,56.8558703686156,184.611237795093,0.855625,"Calanoida","LEPAS",16,6000,2009-07-13,"1279_20m",586428,586438,NA,NA,3435.0015,3435.0015,0.0153609831029186,"dif",0.873362064034033,0.873362064034033,-55.9825083045815
"88","20090713-1279_20m","2009-07-13","1279_20m","L_siciloides_wo_eggs","Older",8,56.8558703686156,184.611237795093,0.855625,"Calanoida","LEPAS",16,6000,2009-07-13,"1279_20m",586428,586438,NA,NA,3435.0015,3435.0015,0.0153609831029186,"dif",0.873362064034033,0.873362064034033,-55.9825083045815
"89","20090713-1279_20m","2009-07-13","1279_20m","L_siciloides_wo_eggs","Younger",1,7.10698379607695,14.4313494309455,0.7585,"Calanoida","LEPAS",16,6000,2009-07-13,"1279_20m",586428,586438,NA,NA,3435.0015,3435.0015,0.0153609831029186,"dif",0.109170258004254,0.109170258004254,-6.99781353807269
"90","20090713-1279_20m","2009-07-13","1279_20m","L_siciloides_wo_eggs","Younger",1,7.10698379607695,14.4313494309455,0.7585,"Calanoida","LEPAS",16,6000,2009-07-13,"1279_20m",586428,586438,NA,NA,3435.0015,3435.0015,0.0153609831029186,"dif",0.109170258004254,0.109170258004254,-6.99781353807269
"91","20090713-1279_20m","2009-07-13","1279_20m","Loose_Cladoceran_eggs","Egg",6,42.6419027764617,43.2943238889415,NA,"Cladocera","LEPAS",16,6000,2009-07-13,"1279_20m",586428,586438,NA,NA,3435.0015,3435.0015,0.0153609831029186,"dif",0.655021548025525,0.655021548025525,-41.9868812284361
"92","20090713-1279_20m","2009-07-13","1279_20m","Loose_Copepod_eggs","Egg",165,1172.6523263527,134.737752297925,NA,"Copepoda spp.","LEPAS",16,6000,2009-07-13,"1279_20m",586428,586438,NA,NA,3435.0015,3435.0015,0.0153609831029186,"dif",18.0130925707019,18.0130925707019,-1154.63923378199
"93","20090713-1279_20m","2009-07-13","1279_20m","M_edax_eggs","Egg",120,852.838055529233,149.246659717616,NA,"Cyclopoida","LEPAS",16,6000,2009-07-13,"1279_20m",586428,586438,NA,NA,3435.0015,3435.0015,0.0153609831029186,"dif",13.1004309605105,13.1004309605105,-839.737624568723
"94","20090713-1279_20m","2009-07-13","1279_20m","M_edax_w_eggs","Older",6,42.6419027764617,267.829780835581,0.9731,"Cyclopoida","LEPAS",16,6000,2009-07-13,"1279_20m",586428,586438,NA,NA,3435.0015,3435.0015,0.0153609831029186,"dif",0.655021548025525,0.655021548025525,-41.9868812284361
"95","20090713-1279_20m","2009-07-13","1279_20m","M_edax_w_eggs","Older",6,42.6419027764617,267.829780835581,0.9731,"Cyclopoida","LEPAS",16,6000,2009-07-13,"1279_20m",586428,586438,NA,NA,3435.0015,3435.0015,0.0153609831029186,"dif",0.655021548025525,0.655021548025525,-41.9868812284361
"96","20090713-1279_20m","2009-07-13","1279_20m","M_edax_w_eggs","Younger",1,7.10698379607695,NA,NA,"Cyclopoida","LEPAS",16,6000,2009-07-13,"1279_20m",586428,586438,NA,NA,3435.0015,3435.0015,0.0153609831029186,"dif",0.109170258004254,0.109170258004254,-6.99781353807269
"97","20090713-1279_20m","2009-07-13","1279_20m","M_edax_w_eggs","Younger",1,7.10698379607695,NA,NA,"Cyclopoida","LEPAS",16,6000,2009-07-13,"1279_20m",586428,586438,NA,NA,3435.0015,3435.0015,0.0153609831029186,"dif",0.109170258004254,0.109170258004254,-6.99781353807269
"98","20090713-1279_20m","2009-07-13","1279_20m","M_edax_wo_eggs","Older",60,426.419027764617,1258.0258840279,0.719818181818182,"Cyclopoida","LEPAS",16,6000,2009-07-13,"1279_20m",586428,586438,NA,NA,3435.0015,3435.0015,0.0153609831029186,"dif",6.55021548025525,6.55021548025525,-419.868812284361
"99","20090713-1279_20m","2009-07-13","1279_20m","M_edax_wo_eggs","Older",60,426.419027764617,1258.0258840279,0.719818181818182,"Cyclopoida","LEPAS",16,6000,2009-07-13,"1279_20m",586428,586438,NA,NA,3435.0015,3435.0015,0.0153609831029186,"dif",6.55021548025525,6.55021548025525,-419.868812284361
"100","20090713-1279_20m","2009-07-13","1279_20m","M_edax_wo_eggs","Younger",11,78.1768217568464,67.7390564944644,0.493333333333333,"Cyclopoida","LEPAS",16,6000,2009-07-13,"1279_20m",586428,586438,NA,NA,3435.0015,3435.0015,0.0153609831029186,"dif",1.2008728380468,1.2008728380468,-76.9759489187996
"101","20090713-1279_20m","2009-07-13","1279_20m","M_edax_wo_eggs","Younger",11,78.1768217568464,67.7390564944644,0.493333333333333,"Cyclopoida","LEPAS",16,6000,2009-07-13,"1279_20m",586428,586438,NA,NA,3435.0015,3435.0015,0.0153609831029186,"dif",1.2008728380468,1.2008728380468,-76.9759489187996
"102","20090713-1279_20m","2009-07-13","1279_20m","Ploesoma_sp.","Older",1,7.10698379607695,4.34947408319909,NA,"Ploima","LEPAS",16,6000,2009-07-13,"1279_20m",586428,586438,NA,NA,3435.0015,3435.0015,0.0153609831029186,"dif",0.109170258004254,0.109170258004254,-6.99781353807269
"103","20090713-1279_20m","2009-07-13","1279_20m","S_oregonensis_eggs","Egg",61,433.526011560694,50.0722543352601,NA,"Calanoida","LEPAS",16,6000,2009-07-13,"1279_20m",586428,586438,NA,NA,3435.0015,3435.0015,0.0153609831029186,"dif",6.6593857382595,6.6593857382595,-426.866625822434
"104","20090713-1279_20m","2009-07-13","1279_20m","S_oregonensis_w_eggs","Older",6,42.6419027764617,334.857764382233,1.1285,"Calanoida","LEPAS",16,6000,2009-07-13,"1279_20m",586428,586438,NA,NA,3435.0015,3435.0015,0.0153609831029186,"dif",0.655021548025525,0.655021548025525,-41.9868812284361
"105","20090713-1279_20m","2009-07-13","1279_20m","S_oregonensis_w_eggs","Older",6,42.6419027764617,334.857764382233,1.1285,"Calanoida","LEPAS",16,6000,2009-07-13,"1279_20m",586428,586438,NA,NA,3435.0015,3435.0015,0.0153609831029186,"dif",0.655021548025525,0.655021548025525,-41.9868812284361
"106","20090713-1279_20m","2009-07-13","1279_20m","S_oregonensis_wo_eggs","Older",52,369.563157396001,2418.58637459474,1.02520833333333,"Calanoida","LEPAS",16,6000,2009-07-13,"1279_20m",586428,586438,NA,NA,3435.0015,3435.0015,0.0153609831029186,"dif",5.67685341622122,5.67685341622122,-363.88630397978
"107","20090713-1279_20m","2009-07-13","1279_20m","S_oregonensis_wo_eggs","Older",52,369.563157396001,2418.58637459474,1.02520833333333,"Calanoida","LEPAS",16,6000,2009-07-13,"1279_20m",586428,586438,NA,NA,3435.0015,3435.0015,0.0153609831029186,"dif",5.67685341622122,5.67685341622122,-363.88630397978
"108","20090713-1279_20m","2009-07-13","1279_20m","T_prasinus_mexicanus_wo_eggs","Older",8,56.8558703686156,62.3264515720512,0.4255,"Cyclopoida","LEPAS",16,6000,2009-07-13,"1279_20m",586428,586438,NA,NA,3435.0015,3435.0015,0.0153609831029186,"dif",0.873362064034033,0.873362064034033,-55.9825083045815
"109","20090713-1279_20m","2009-07-13","1279_20m","T_prasinus_mexicanus_wo_eggs","Older",8,56.8558703686156,62.3264515720512,0.4255,"Cyclopoida","LEPAS",16,6000,2009-07-13,"1279_20m",586428,586438,NA,NA,3435.0015,3435.0015,0.0153609831029186,"dif",0.873362064034033,0.873362064034033,-55.9825083045815
"110","20090713-1279_20m","2009-07-13","1279_20m","Unidentified_Rotifers","Older",2731,19409.1727470861,8520.62683597081,NA,"Rotifera spp.","LEPAS",16,6000,2009-07-13,"1279_20m",586428,586438,NA,NA,3435.0015,3435.0015,0.0153609831029186,"dif",298.143974609618,298.143974609618,-19111.0287724765
"111","20090713-1281_10m","2009-07-13","1281_10m","A_vernalis_wo_eggs","Older",23,311.353575828133,771.398615734045,0.657633333333333,"Cyclopoida","LEPAS",7,2000,2009-07-13,"1281_10m",586418,586422,NA,NA,2115.8765,2115.8765,0.00997506234413965,"dif",3.10577132995644,3.10577132995644,-308.247804498176
"112","20090713-1281_10m","2009-07-13","1281_10m","A_vernalis_wo_eggs","Older",23,311.353575828133,771.398615734045,0.657633333333333,"Cyclopoida","LEPAS",7,2000,2009-07-13,"1281_10m",586418,586422,NA,NA,2115.8765,2115.8765,0.00997506234413965,"dif",3.10577132995644,3.10577132995644,-308.247804498176
"113","20090713-1281_10m","2009-07-13","1281_10m","A_vernalis_wo_eggs","Younger",34,460.261807745935,541.459805790085,0.491716666666667,"Cyclopoida","LEPAS",7,2000,2009-07-13,"1281_10m",586418,586422,NA,NA,2115.8765,2115.8765,0.00997506234413965,"dif",4.59114022689212,4.59114022689212,-455.670667519043
"114","20090713-1281_10m","2009-07-13","1281_10m","A_vernalis_wo_eggs","Younger",34,460.261807745935,541.459805790085,0.491716666666667,"Cyclopoida","LEPAS",7,2000,2009-07-13,"1281_10m",586418,586422,NA,NA,2115.8765,2115.8765,0.00997506234413965,"dif",4.59114022689212,4.59114022689212,-455.670667519043
"115","20090713-1281_10m","2009-07-13","1281_10m","B_coregoni_eggs","Egg",8,108.29689594022,118.617590123323,NA,"Cladocera","LEPAS",7,2000,2009-07-13,"1281_10m",586418,586422,NA,NA,2115.8765,2115.8765,0.00997506234413965,"dif",1.0802682886805,1.0802682886805,-107.21662765154
"116","20090713-1281_10m","2009-07-13","1281_10m","B_coregoni_w_eggs","Older",2,27.074223985055,80.9753591879036,0.42535,"Cladocera","LEPAS",7,2000,2009-07-13,"1281_10m",586418,586422,NA,NA,2115.8765,2115.8765,0.00997506234413965,"dif",0.270067072170125,0.270067072170125,-26.8041569128849
"117","20090713-1281_10m","2009-07-13","1281_10m","B_coregoni_wo_eggs","Older",5,67.6855599626376,94.7237950727038,0.3077,"Cladocera","LEPAS",7,2000,2009-07-13,"1281_10m",586418,586422,NA,NA,2115.8765,2115.8765,0.00997506234413965,"dif",0.675167680425312,0.675167680425312,-67.0103922822123
"118","20090713-1281_10m","2009-07-13","1281_10m","B_longirostris_eggs","Egg",6,81.2226719551651,41.4235626971342,NA,"Cladocera","LEPAS",7,2000,2009-07-13,"1281_10m",586418,586422,NA,NA,2115.8765,2115.8765,0.00997506234413965,"dif",0.810201216510375,0.810201216510375,-80.4124707386547
"119","20090713-1281_10m","2009-07-13","1281_10m","B_longirostris_w_eggs","Older",3,40.6113359775825,48.7703339902909,0.29865,"Cladocera","LEPAS",7,2000,2009-07-13,"1281_10m",586418,586422,NA,NA,2115.8765,2115.8765,0.00997506234413965,"dif",0.405100608255188,0.405100608255188,-40.2062353693273
"120","20090713-1281_10m","2009-07-13","1281_10m","B_longirostris_wo_eggs","Older",9,121.834007932748,95.0050593102339,0.24435,"Cladocera","LEPAS",7,2000,2009-07-13,"1281_10m",586418,586422,NA,NA,2115.8765,2115.8765,0.00997506234413965,"dif",1.21530182476556,1.21530182476556,-120.618706107982
"121","20090713-1281_10m","2009-07-13","1281_10m","Calanoid_nauplii","Nauplii",90,1218.34007932748,321.757219603054,0.237885714285714,"Calanoida","LEPAS",7,2000,2009-07-13,"1281_10m",586418,586422,NA,NA,2115.8765,2115.8765,0.00997506234413965,"dif",12.1530182476556,12.1530182476556,-1206.18706107982
"122","20090713-1281_10m","2009-07-13","1281_10m","Calanoida_unclass","Younger",34,460.261807745935,1025.88991558136,0.580592307692308,"Calanoida","LEPAS",7,2000,2009-07-13,"1281_10m",586418,586422,NA,NA,2115.8765,2115.8765,0.00997506234413965,"dif",4.59114022689212,4.59114022689212,-455.670667519043
"123","20090713-1281_10m","2009-07-13","1281_10m","Cyclopoid_nauplii","Nauplii",1,13.5371119925275,2.14952859256073,0.181,"Cyclopoida","LEPAS",7,2000,2009-07-13,"1281_10m",586418,586422,NA,NA,2115.8765,2115.8765,0.00997506234413965,"dif",0.135033536085062,0.135033536085062,-13.4020784564424
"124","20090713-1281_10m","2009-07-13","1281_10m","Cyclopoida_unclass","Younger",8,108.29689594022,66.6706937207396,0.31675,"Cyclopoida","LEPAS",7,2000,2009-07-13,"1281_10m",586418,586422,NA,NA,2115.8765,2115.8765,0.00997506234413965,"dif",1.0802682886805,1.0802682886805,-107.21662765154
"125","20090713-1281_10m","2009-07-13","1281_10m","D_mendotae_wo_eggs","Older",1,13.5371119925275,43.2054866992618,0.5792,"Cladocera","LEPAS",7,2000,2009-07-13,"1281_10m",586418,586422,NA,NA,2115.8765,2115.8765,0.00997506234413965,"dif",0.135033536085062,0.135033536085062,-13.4020784564424
"126","20090713-1281_10m","2009-07-13","1281_10m","D_retrocurva_eggs","Egg",33,446.724695753408,262.986828390031,NA,"Cladocera","LEPAS",7,2000,2009-07-13,"1281_10m",586418,586422,NA,NA,2115.8765,2115.8765,0.00997506234413965,"dif",4.45610669080706,4.45610669080706,-442.268589062601
"127","20090713-1281_10m","2009-07-13","1281_10m","D_retrocurva_w_eggs","Older",10,135.371119925275,925.595972087413,1.217225,"Cladocera","LEPAS",7,2000,2009-07-13,"1281_10m",586418,586422,NA,NA,2115.8765,2115.8765,0.00997506234413965,"dif",1.35033536085062,1.35033536085062,-134.020784564425
"128","20090713-1281_10m","2009-07-13","1281_10m","D_retrocurva_wo_eggs","Older",43,582.095815678683,1084.21059112444,0.740707692307692,"Cladocera","LEPAS",7,2000,2009-07-13,"1281_10m",586418,586422,NA,NA,2115.8765,2115.8765,0.00997506234413965,"dif",5.80644205165769,5.80644205165769,-576.289373627025
"129","20090713-1281_10m","2009-07-13","1281_10m","D_thomasi_eggs","Egg",2,27.074223985055,4.54846962948924,NA,"Cyclopoida","LEPAS",7,2000,2009-07-13,"1281_10m",586418,586422,NA,NA,2115.8765,2115.8765,0.00997506234413965,"dif",0.270067072170125,0.270067072170125,-26.8041569128849
"130","20090713-1281_10m","2009-07-13","1281_10m","D_thomasi_w_eggs","Older",1,13.5371119925275,41.1002862909901,0.724,"Cyclopoida","LEPAS",7,2000,2009-07-13,"1281_10m",586418,586422,NA,NA,2115.8765,2115.8765,0.00997506234413965,"dif",0.135033536085062,0.135033536085062,-13.4020784564424
"131","20090713-1281_10m","2009-07-13","1281_10m","D_thomasi_w_eggs","Older",1,13.5371119925275,41.1002862909901,0.724,"Cyclopoida","LEPAS",7,2000,2009-07-13,"1281_10m",586418,586422,NA,NA,2115.8765,2115.8765,0.00997506234413965,"dif",0.135033536085062,0.135033536085062,-13.4020784564424
"132","20090713-1281_10m","2009-07-13","1281_10m","D_thomasi_w_eggs","Younger",1,13.5371119925275,NA,NA,"Cyclopoida","LEPAS",7,2000,2009-07-13,"1281_10m",586418,586422,NA,NA,2115.8765,2115.8765,0.00997506234413965,"dif",0.135033536085062,0.135033536085062,-13.4020784564424
"133","20090713-1281_10m","2009-07-13","1281_10m","D_thomasi_w_eggs","Younger",1,13.5371119925275,NA,NA,"Cyclopoida","LEPAS",7,2000,2009-07-13,"1281_10m",586418,586422,NA,NA,2115.8765,2115.8765,0.00997506234413965,"dif",0.135033536085062,0.135033536085062,-13.4020784564424
"134","20090713-1281_10m","2009-07-13","1281_10m","D_thomasi_wo_eggs","Older",4,54.14844797011,132.338200057574,0.645566666666667,"Cyclopoida","LEPAS",7,2000,2009-07-13,"1281_10m",586418,586422,NA,NA,2115.8765,2115.8765,0.00997506234413965,"dif",0.54013414434025,0.54013414434025,-53.6083138257698
"135","20090713-1281_10m","2009-07-13","1281_10m","D_thomasi_wo_eggs","Older",4,54.14844797011,132.338200057574,0.645566666666667,"Cyclopoida","LEPAS",7,2000,2009-07-13,"1281_10m",586418,586422,NA,NA,2115.8765,2115.8765,0.00997506234413965,"dif",0.54013414434025,0.54013414434025,-53.6083138257698
"136","20090713-1281_10m","2009-07-13","1281_10m","D_thomasi_wo_eggs","Younger",9,121.834007932748,128.208118633127,0.4163,"Cyclopoida","LEPAS",7,2000,2009-07-13,"1281_10m",586418,586422,NA,NA,2115.8765,2115.8765,0.00997506234413965,"dif",1.21530182476556,1.21530182476556,-120.618706107982
"137","20090713-1281_10m","2009-07-13","1281_10m","D_thomasi_wo_eggs","Younger",9,121.834007932748,128.208118633127,0.4163,"Cyclopoida","LEPAS",7,2000,2009-07-13,"1281_10m",586418,586422,NA,NA,2115.8765,2115.8765,0.00997506234413965,"dif",1.21530182476556,1.21530182476556,-120.618706107982
"138","20090713-1281_10m","2009-07-13","1281_10m","Diaphanosoma_eggs","Egg",64,866.375167521761,580.47136223958,NA,"Cladocera","LEPAS",7,2000,2009-07-13,"1281_10m",586418,586422,NA,NA,2115.8765,2115.8765,0.00997506234413965,"dif",8.642146309444,8.642146309444,-857.733021212317
"139","20090713-1281_10m","2009-07-13","1281_10m","Diaphanosoma_w_eggs","Older",27,365.502023798243,1749.1487497384,0.945725,"Cladocera","LEPAS",7,2000,2009-07-13,"1281_10m",586418,586422,NA,NA,2115.8765,2115.8765,0.00997506234413965,"dif",3.64590547429669,3.64590547429669,-361.856118323946
"140","20090713-1281_10m","2009-07-13","1281_10m","Diaphanosoma_wo_eggs","Older",47,636.244263648793,1711.62309709213,0.544508333333333,"Cladocera","LEPAS",7,2000,2009-07-13,"1281_10m",586418,586422,NA,NA,2115.8765,2115.8765,0.00997506234413965,"dif",6.34657619599794,6.34657619599794,-629.897687452795
"141","20090713-1281_10m","2009-07-13","1281_10m","E_carolleeae_wo_eggs","Older",2,27.074223985055,90.4137815781727,0.73305,"Calanoida","LEPAS",7,2000,2009-07-13,"1281_10m",586418,586422,NA,NA,2115.8765,2115.8765,0.00997506234413965,"dif",0.270067072170125,0.270067072170125,-26.8041569128849
"142","20090713-1281_10m","2009-07-13","1281_10m","E_carolleeae_wo_eggs","Older",2,27.074223985055,90.4137815781727,0.73305,"Calanoida","LEPAS",7,2000,2009-07-13,"1281_10m",586418,586422,NA,NA,2115.8765,2115.8765,0.00997506234413965,"dif",0.270067072170125,0.270067072170125,-26.8041569128849
"143","20090713-1281_10m","2009-07-13","1281_10m","E_carolleeae_wo_eggs","Younger",5,67.6855599626376,67.4305604265116,0.375575,"Calanoida","LEPAS",7,2000,2009-07-13,"1281_10m",586418,586422,NA,NA,2115.8765,2115.8765,0.00997506234413965,"dif",0.675167680425312,0.675167680425312,-67.0103922822123
"144","20090713-1281_10m","2009-07-13","1281_10m","E_carolleeae_wo_eggs","Younger",5,67.6855599626376,67.4305604265116,0.375575,"Calanoida","LEPAS",7,2000,2009-07-13,"1281_10m",586418,586422,NA,NA,2115.8765,2115.8765,0.00997506234413965,"dif",0.675167680425312,0.675167680425312,-67.0103922822123
"145","20090713-1281_10m","2009-07-13","1281_10m","E_lacustris","Older",8,108.29689594022,676.38222275675,0.9412,"Calanoida","LEPAS",7,2000,2009-07-13,"1281_10m",586418,586422,NA,NA,2115.8765,2115.8765,0.00997506234413965,"dif",1.0802682886805,1.0802682886805,-107.21662765154
"146","20090713-1281_10m","2009-07-13","1281_10m","E_lacustris","Older",8,108.29689594022,676.38222275675,0.9412,"Calanoida","LEPAS",7,2000,2009-07-13,"1281_10m",586418,586422,NA,NA,2115.8765,2115.8765,0.00997506234413965,"dif",1.0802682886805,1.0802682886805,-107.21662765154
"147","20090713-1281_10m","2009-07-13","1281_10m","E_lacustris","Younger",12,162.44534391033,240.576417160178,0.4344,"Calanoida","LEPAS",7,2000,2009-07-13,"1281_10m",586418,586422,NA,NA,2115.8765,2115.8765,0.00997506234413965,"dif",1.62040243302075,1.62040243302075,-160.824941477309
"148","20090713-1281_10m","2009-07-13","1281_10m","E_lacustris","Younger",12,162.44534391033,240.576417160178,0.4344,"Calanoida","LEPAS",7,2000,2009-07-13,"1281_10m",586418,586422,NA,NA,2115.8765,2115.8765,0.00997506234413965,"dif",1.62040243302075,1.62040243302075,-160.824941477309
"149","20090713-1281_10m","2009-07-13","1281_10m","Kellicottia","Older",27,365.502023798243,22.6611254754911,NA,"Ploima","LEPAS",7,2000,2009-07-13,"1281_10m",586418,586422,NA,NA,2115.8765,2115.8765,0.00997506234413965,"dif",3.64590547429669,3.64590547429669,-361.856118323946
"150","20090713-1281_10m","2009-07-13","1281_10m","Keratella","Older",5,67.6855599626376,7.44541159589013,NA,"Ploima","LEPAS",7,2000,2009-07-13,"1281_10m",586418,586422,NA,NA,2115.8765,2115.8765,0.00997506234413965,"dif",0.675167680425312,0.675167680425312,-67.0103922822123
"151","20090713-1281_10m","2009-07-13","1281_10m","L_kindti_wo_eggs","Older",1,13.5371119925275,14.3843023753786,0.8145,"Cladocera","LEPAS",7,2000,2009-07-13,"1281_10m",586418,586422,NA,NA,2115.8765,2115.8765,0.00997506234413965,"dif",0.135033536085062,0.135033536085062,-13.4020784564424
"152","20090713-1281_10m","2009-07-13","1281_10m","L_siciloides_wo_eggs","Older",5,67.6855599626376,254.467651323507,0.87966,"Calanoida","LEPAS",7,2000,2009-07-13,"1281_10m",586418,586422,NA,NA,2115.8765,2115.8765,0.00997506234413965,"dif",0.675167680425312,0.675167680425312,-67.0103922822123
"153","20090713-1281_10m","2009-07-13","1281_10m","L_siciloides_wo_eggs","Older",5,67.6855599626376,254.467651323507,0.87966,"Calanoida","LEPAS",7,2000,2009-07-13,"1281_10m",586418,586422,NA,NA,2115.8765,2115.8765,0.00997506234413965,"dif",0.675167680425312,0.675167680425312,-67.0103922822123
"154","20090713-1281_10m","2009-07-13","1281_10m","L_siciloides_wo_eggs","Younger",2,27.074223985055,53.3333639093204,0.75115,"Calanoida","LEPAS",7,2000,2009-07-13,"1281_10m",586418,586422,NA,NA,2115.8765,2115.8765,0.00997506234413965,"dif",0.270067072170125,0.270067072170125,-26.8041569128849
"155","20090713-1281_10m","2009-07-13","1281_10m","L_siciloides_wo_eggs","Younger",2,27.074223985055,53.3333639093204,0.75115,"Calanoida","LEPAS",7,2000,2009-07-13,"1281_10m",586418,586422,NA,NA,2115.8765,2115.8765,0.00997506234413965,"dif",0.270067072170125,0.270067072170125,-26.8041569128849
"156","20090713-1281_10m","2009-07-13","1281_10m","Loose_Cladoceran_eggs","Egg",2,27.074223985055,27.4884596120264,NA,"Cladocera","LEPAS",7,2000,2009-07-13,"1281_10m",586418,586422,NA,NA,2115.8765,2115.8765,0.00997506234413965,"dif",0.270067072170125,0.270067072170125,-26.8041569128849
"157","20090713-1281_10m","2009-07-13","1281_10m","Loose_Copepod_eggs","Egg",68,920.523615491871,105.768163420016,NA,"Copepoda spp.","LEPAS",7,2000,2009-07-13,"1281_10m",586418,586422,NA,NA,2115.8765,2115.8765,0.00997506234413965,"dif",9.18228045378425,9.18228045378425,-911.341335038087
"158","20090713-1281_10m","2009-07-13","1281_10m","M_edax_eggs","Egg",187,2531.43994260264,443.001989955463,NA,"Cyclopoida","LEPAS",7,2000,2009-07-13,"1281_10m",586418,586422,NA,NA,2115.8765,2115.8765,0.00997506234413965,"dif",25.2512712479067,25.2512712479067,-2506.18867135474
"159","20090713-1281_10m","2009-07-13","1281_10m","M_edax_w_eggs","Older",5,67.6855599626376,506.451800754458,1.04075,"Cyclopoida","LEPAS",7,2000,2009-07-13,"1281_10m",586418,586422,NA,NA,2115.8765,2115.8765,0.00997506234413965,"dif",0.675167680425312,0.675167680425312,-67.0103922822123
"160","20090713-1281_10m","2009-07-13","1281_10m","M_edax_w_eggs","Older",5,67.6855599626376,506.451800754458,1.04075,"Cyclopoida","LEPAS",7,2000,2009-07-13,"1281_10m",586418,586422,NA,NA,2115.8765,2115.8765,0.00997506234413965,"dif",0.675167680425312,0.675167680425312,-67.0103922822123
"161","20090713-1281_10m","2009-07-13","1281_10m","M_edax_w_eggs","Younger",3,40.6113359775825,NA,NA,"Cyclopoida","LEPAS",7,2000,2009-07-13,"1281_10m",586418,586422,NA,NA,2115.8765,2115.8765,0.00997506234413965,"dif",0.405100608255188,0.405100608255188,-40.2062353693273
"162","20090713-1281_10m","2009-07-13","1281_10m","M_edax_w_eggs","Younger",3,40.6113359775825,NA,NA,"Cyclopoida","LEPAS",7,2000,2009-07-13,"1281_10m",586418,586422,NA,NA,2115.8765,2115.8765,0.00997506234413965,"dif",0.405100608255188,0.405100608255188,-40.2062353693273
"163","20090713-1281_10m","2009-07-13","1281_10m","M_edax_wo_eggs","Older",127,1719.21322305099,4925.01854086345,0.718828571428571,"Cyclopoida","LEPAS",7,2000,2009-07-13,"1281_10m",586418,586422,NA,NA,2115.8765,2115.8765,0.00997506234413965,"dif",17.1492590828029,17.1492590828029,-1702.06396396819
"164","20090713-1281_10m","2009-07-13","1281_10m","M_edax_wo_eggs","Older",127,1719.21322305099,4925.01854086345,0.718828571428571,"Cyclopoida","LEPAS",7,2000,2009-07-13,"1281_10m",586418,586422,NA,NA,2115.8765,2115.8765,0.00997506234413965,"dif",17.1492590828029,17.1492590828029,-1702.06396396819
"165","20090713-1281_10m","2009-07-13","1281_10m","M_edax_wo_eggs","Younger",87,1177.72874334989,931.268784696378,0.47422,"Cyclopoida","LEPAS",7,2000,2009-07-13,"1281_10m",586418,586422,NA,NA,2115.8765,2115.8765,0.00997506234413965,"dif",11.7479176394004,11.7479176394004,-1165.98082571049
"166","20090713-1281_10m","2009-07-13","1281_10m","M_edax_wo_eggs","Younger",87,1177.72874334989,931.268784696378,0.47422,"Cyclopoida","LEPAS",7,2000,2009-07-13,"1281_10m",586418,586422,NA,NA,2115.8765,2115.8765,0.00997506234413965,"dif",11.7479176394004,11.7479176394004,-1165.98082571049
"167","20090713-1281_10m","2009-07-13","1281_10m","Polyarthra","Older",5,67.6855599626376,50.0873143723518,NA,"Ploima","LEPAS",7,2000,2009-07-13,"1281_10m",586418,586422,NA,NA,2115.8765,2115.8765,0.00997506234413965,"dif",0.675167680425312,0.675167680425312,-67.0103922822123
"168","20090713-1281_10m","2009-07-13","1281_10m","Rare_Copepod_eggs","Egg",42,568.558703686155,65.3273950535393,NA,"Copepoda spp.","LEPAS",7,2000,2009-07-13,"1281_10m",586418,586422,NA,NA,2115.8765,2115.8765,0.00997506234413965,"dif",5.67140851557263,5.67140851557263,-562.887295170583
"169","20090713-1281_10m","2009-07-13","1281_10m","S_oregonensis_wo_eggs","Older",6,81.2226719551651,500.868320304361,0.99188,"Calanoida","LEPAS",7,2000,2009-07-13,"1281_10m",586418,586422,NA,NA,2115.8765,2115.8765,0.00997506234413965,"dif",0.810201216510375,0.810201216510375,-80.4124707386547
"170","20090713-1281_10m","2009-07-13","1281_10m","S_oregonensis_wo_eggs","Older",6,81.2226719551651,500.868320304361,0.99188,"Calanoida","LEPAS",7,2000,2009-07-13,"1281_10m",586418,586422,NA,NA,2115.8765,2115.8765,0.00997506234413965,"dif",0.810201216510375,0.810201216510375,-80.4124707386547
"171","20090713-1281_10m","2009-07-13","1281_10m","T_prasinus_mexicanus_w_eggs","Older",3,40.6113359775825,44.2244668686959,0.42535,"Cyclopoida","LEPAS",7,2000,2009-07-13,"1281_10m",586418,586422,NA,NA,2115.8765,2115.8765,0.00997506234413965,"dif",0.405100608255188,0.405100608255188,-40.2062353693273
"172","20090713-1281_10m","2009-07-13","1281_10m","T_prasinus_mexicanus_w_eggs","Older",3,40.6113359775825,44.2244668686959,0.42535,"Cyclopoida","LEPAS",7,2000,2009-07-13,"1281_10m",586418,586422,NA,NA,2115.8765,2115.8765,0.00997506234413965,"dif",0.405100608255188,0.405100608255188,-40.2062353693273
"173","20090713-1281_10m","2009-07-13","1281_10m","T_prasinus_mexicanus_wo_eggs","Older",8,108.29689594022,66.6706937207396,0.31675,"Cyclopoida","LEPAS",7,2000,2009-07-13,"1281_10m",586418,586422,NA,NA,2115.8765,2115.8765,0.00997506234413965,"dif",1.0802682886805,1.0802682886805,-107.21662765154
"174","20090713-1281_10m","2009-07-13","1281_10m","T_prasinus_mexicanus_wo_eggs","Older",8,108.29689594022,66.6706937207396,0.31675,"Cyclopoida","LEPAS",7,2000,2009-07-13,"1281_10m",586418,586422,NA,NA,2115.8765,2115.8765,0.00997506234413965,"dif",1.0802682886805,1.0802682886805,-107.21662765154
"175","20090713-1281_10m","2009-07-13","1281_10m","Unidentified_Rotifers","Older",65,879.912279514288,386.281490706773,NA,"Rotifera spp.","LEPAS",7,2000,2009-07-13,"1281_10m",586418,586422,NA,NA,2115.8765,2115.8765,0.00997506234413965,"dif",8.77717984552906,8.77717984552906,-871.135099668759
"176","20150507-1279_20m","2015-05-07","1279_20m","Unidentified_Rotifers","Older",9101,690.716425166551,303.224510648116,NA,"Rotifera spp.","LEPAS",23,1400,2015-05-07,"1279_20m",394093,394245,NA,NA,802.33,802.028,0.999623596275847,"same",690.456436931784,690.716425166551,-0.259988234766638
"177","20150604-1281_10m","2015-06-04","1281_10m","B_longirostris_eggs","Egg",98,46.0866443021036,23.5041885940728,NA,"Cladocera","LEPAS",6,6000,2015-06-04,"1281_10m",79707,80110,NA,NA,21216.43,2126.4295,0.100225603459206,"dif",4.61906173658811,46.0866443021036,-41.4675825655155
"178","20150604-1281_10m","2015-06-04","1281_10m","B_longirostris_w_eggs","Older",36,16.9297877028136,50.174061597171,0.4416,"Cladocera","LEPAS",6,6000,2015-06-04,"1281_10m",79707,80110,NA,NA,21216.43,2126.4295,0.100225603459206,"dif",1.69679818895073,16.9297877028136,-15.2329895138628
"179","20150604-1281_10m","2015-06-04","1281_10m","B_longirostris_wo_eggs","Older",88,41.3839254957665,51.8680993659925,0.298488888888889,"Cladocera","LEPAS",6,6000,2015-06-04,"1281_10m",79707,80110,NA,NA,21216.43,2126.4295,0.100225603459206,"dif",4.14772890632401,41.3839254957665,-37.2361965894425
"180","20150604-1281_10m","2015-06-04","1281_10m","Calanoid_nauplii","Nauplii",95,44.6758286602025,5.87201068987382,0.155085714285714,"Calanoida","LEPAS",6,6000,2015-06-04,"1281_10m",79707,80110,NA,NA,21216.43,2126.4295,0.100225603459206,"dif",4.47766188750888,44.6758286602025,-40.1981667726936
"181","20150604-1281_10m","2015-06-04","1281_10m","Cyclopidae_immature","Younger",22,10.3459813739416,6.71054112985092,0.322,"Cyclopoida","LEPAS",6,6000,2015-06-04,"1281_10m",79707,80110,NA,NA,21216.43,2126.4295,0.100225603459206,"dif",1.036932226581,10.3459813739416,-9.30904914736062
"182","20150604-1281_10m","2015-06-04","1281_10m","Cyclopoid_nauplii","Nauplii",14,6.58380632887194,0.769938363222778,0.1472,"Cyclopoida","LEPAS",6,6000,2015-06-04,"1281_10m",79707,80110,NA,NA,21216.43,2126.4295,0.100225603459206,"dif",0.659865962369729,6.58380632887194,-5.92394036650221
"183","20150604-1281_10m","2015-06-04","1281_10m","D_mendotae_eggs","Egg",11,5.17299068697081,3.04533961741972,NA,"Cladocera","LEPAS",6,6000,2015-06-04,"1281_10m",79707,80110,NA,NA,21216.43,2126.4295,0.100225603459206,"dif",0.518466113290502,5.17299068697081,-4.65452457368031
"184","20150604-1281_10m","2015-06-04","1281_10m","D_mendotae_w_eggs","Older",5,2.35135940316855,29.7824939547046,1.39104,"Cladocera","LEPAS",6,6000,2015-06-04,"1281_10m",79707,80110,NA,NA,21216.43,2126.4295,0.100225603459206,"dif",0.235666415132046,2.35135940316855,-2.1156929880365
"185","20150604-1281_10m","2015-06-04","1281_10m","D_mendotae_wo_eggs","Older",6,2.82163128380226,24.5604498358293,1.06413333333333,"Cladocera","LEPAS",6,6000,2015-06-04,"1281_10m",79707,80110,NA,NA,21216.43,2126.4295,0.100225603459206,"dif",0.282799698158456,2.82163128380226,-2.53883158564381
"186","20150604-1281_10m","2015-06-04","1281_10m","D_thomasi_wo_eggs","Older",11,5.17299068697081,10.7565216439404,0.594933333333333,"Cyclopoida","LEPAS",6,6000,2015-06-04,"1281_10m",79707,80110,NA,NA,21216.43,2126.4295,0.100225603459206,"dif",0.518466113290502,5.17299068697081,-4.65452457368031
"187","20150604-1281_10m","2015-06-04","1281_10m","D_thomasi_wo_eggs","Older",11,5.17299068697081,10.7565216439404,0.594933333333333,"Cyclopoida","LEPAS",6,6000,2015-06-04,"1281_10m",79707,80110,NA,NA,21216.43,2126.4295,0.100225603459206,"dif",0.518466113290502,5.17299068697081,-4.65452457368031
"188","20150604-1281_10m","2015-06-04","1281_10m","D_thomasi_wo_eggs","Younger",21,9.87570949330791,13.0121525675044,0.4669,"Cyclopoida","LEPAS",6,6000,2015-06-04,"1281_10m",79707,80110,NA,NA,21216.43,2126.4295,0.100225603459206,"dif",0.989798943554594,9.87570949330791,-8.88591054975332
"189","20150604-1281_10m","2015-06-04","1281_10m","D_thomasi_wo_eggs","Younger",21,9.87570949330791,13.0121525675044,0.4669,"Cyclopoida","LEPAS",6,6000,2015-06-04,"1281_10m",79707,80110,NA,NA,21216.43,2126.4295,0.100225603459206,"dif",0.989798943554594,9.87570949330791,-8.88591054975332
"190","20150604-1281_10m","2015-06-04","1281_10m","Diaptomidae_immature","Younger",17,7.99462197077307,25.8494842846497,0.696133333333333,"Calanoida","LEPAS",6,6000,2015-06-04,"1281_10m",79707,80110,NA,NA,21216.43,2126.4295,0.100225603459206,"dif",0.801265811448957,7.99462197077307,-7.19335615932411
"191","20150604-1281_10m","2015-06-04","1281_10m","Dreissena_veligers","Veliger",8,3.76217504506968,1.7494113959574,0.0736,"Veneroida","LEPAS",6,6000,2015-06-04,"1281_10m",79707,80110,NA,NA,21216.43,2126.4295,0.100225603459206,"dif",0.377066264211274,3.76217504506968,-3.38510878085841
"192","20150604-1281_10m","2015-06-04","1281_10m","Kellicottia","Older",5,2.35135940316855,0.14578428299645,NA,"Ploima","LEPAS",6,6000,2015-06-04,"1281_10m",79707,80110,NA,NA,21216.43,2126.4295,0.100225603459206,"dif",0.235666415132046,2.35135940316855,-2.1156929880365
"193","20150604-1281_10m","2015-06-04","1281_10m","Keratella","Older",39,18.3406033447147,2.01746636791862,NA,"Ploima","LEPAS",6,6000,2015-06-04,"1281_10m",79707,80110,NA,NA,21216.43,2126.4295,0.100225603459206,"dif",1.83819803802996,18.3406033447147,-16.5024053066847
"194","20150604-1281_10m","2015-06-04","1281_10m","L_ashlandi_wo_eggs","Older",2,0.94054376126742,5.14381853061347,0.9384,"Calanoida","LEPAS",6,6000,2015-06-04,"1281_10m",79707,80110,NA,NA,21216.43,2126.4295,0.100225603459206,"dif",0.0942665660528185,0.94054376126742,-0.846277195214602
"195","20150604-1281_10m","2015-06-04","1281_10m","L_ashlandi_wo_eggs","Older",2,0.94054376126742,5.14381853061347,0.9384,"Calanoida","LEPAS",6,6000,2015-06-04,"1281_10m",79707,80110,NA,NA,21216.43,2126.4295,0.100225603459206,"dif",0.0942665660528185,0.94054376126742,-0.846277195214602
"196","20150604-1281_10m","2015-06-04","1281_10m","Loose_Cladoceran_eggs","Egg",3,1.41081564190113,1.43240112122222,NA,"Cladocera","LEPAS",6,6000,2015-06-04,"1281_10m",79707,80110,NA,NA,21216.43,2126.4295,0.100225603459206,"dif",0.141399849079228,1.41081564190113,-1.2694157928219
"197","20150604-1281_10m","2015-06-04","1281_10m","Loose_Copepod_eggs","Egg",9,4.23244692570339,0.48630815176332,NA,"Copepoda spp.","LEPAS",6,6000,2015-06-04,"1281_10m",79707,80110,NA,NA,21216.43,2126.4295,0.100225603459206,"dif",0.424199547237683,4.23244692570339,-3.80824737846571
"198","20150604-1281_10m","2015-06-04","1281_10m","Loose_Daphnia_eggs","Egg",6,2.82163128380226,1.66109433677439,NA,"Cladocera","LEPAS",6,6000,2015-06-04,"1281_10m",79707,80110,NA,NA,21216.43,2126.4295,0.100225603459206,"dif",0.282799698158456,2.82163128380226,-2.53883158564381
"199","20150604-1281_10m","2015-06-04","1281_10m","Polyarthra","Older",13,6.11353444823823,4.52401549169629,NA,"Ploima","LEPAS",6,6000,2015-06-04,"1281_10m",79707,80110,NA,NA,21216.43,2126.4295,0.100225603459206,"dif",0.61273267934332,6.11353444823823,-5.50080176889491
"200","20150604-1281_10m","2015-06-04","1281_10m","S_oregonensis_wo_eggs","Older",1,0.47027188063371,2.47308309962814,0.92,"Calanoida","LEPAS",6,6000,2015-06-04,"1281_10m",79707,80110,NA,NA,21216.43,2126.4295,0.100225603459206,"dif",0.0471332830264092,0.47027188063371,-0.423138597607301
"201","20150604-1281_10m","2015-06-04","1281_10m","S_oregonensis_wo_eggs","Older",1,0.47027188063371,2.47308309962814,0.92,"Calanoida","LEPAS",6,6000,2015-06-04,"1281_10m",79707,80110,NA,NA,21216.43,2126.4295,0.100225603459206,"dif",0.0471332830264092,0.47027188063371,-0.423138597607301
"202","20150604-1281_10m","2015-06-04","1281_10m","Unidentified_Rotifers","Older",182,85.5894822753352,37.5737827188722,NA,"Rotifera spp.","LEPAS",6,6000,2015-06-04,"1281_10m",79707,80110,NA,NA,21216.43,2126.4295,0.100225603459206,"dif",8.57825751080648,85.5894822753352,-77.0112247645288
"203","20180620-1281_10m","2018-06-20","1281_10m","Unidentified_Rotifers","Older",10767,280.168034901091,122.993767321579,NA,"Rotifera spp.","LEPAS",19,1500,2018-06-20,"1281_10m",476717,477292,NA,NA,3039.26,3033.9875,0.998265202713818,"same",279.68200015447,280.168034901091,-0.486034746621215
