"","Sample_ID","Genus_sp_95toPresent","Life_stage2","Sample_date","Sample_site","Zoop_density","Zoop_biomass"
"1","20200604-37-890","Acanthocyclops vernalis","YO",2020-06-04,"37-890",0.987081082788465,7.31502286561419
"2","20200604-37-890","Acroperus harpae","YO",2020-06-04,"37-890",0,0
"3","20200604-37-890","Alona sp.","YO",2020-06-04,"37-890",0,0
"4","20200604-37-890","Alonella sp.","YO",2020-06-04,"37-890",0,0
"5","20200604-37-890","Argulus sp.","YO",2020-06-04,"37-890",0,0
"6","20200604-37-890","Ascomorpha sp.","YO",2020-06-04,"37-890",0,0
"7","20200604-37-890","Asplanchna sp.","YO",2020-06-04,"37-890",39.4832433115386,6.317311162352
"8","20200604-37-890","Bipalpus hudsoni","YO",2020-06-04,"37-890",0,0
"9","20200604-37-890","Bosmina coregoni","YO",2020-06-04,"37-890",0,0
"10","20200604-37-890","Bosmina longirostris","YO",2020-06-04,"37-890",0,0
"11","20200604-37-890","Bosminopsis deitersi","YO",2020-06-04,"37-890",0,0
"12","20200604-37-890","Brachionus sp.","YO",2020-06-04,"37-890",0.740310812091348,0.14806198036
"13","20200604-37-890","Calanoida spp.","YO",2020-06-04,"37-890",0.246770270697116,0.931866523362063
"14","20200604-37-890","Calanoida spp. nauplii","Nauplii",2020-06-04,"37-890",22.9496351748318,2.46683731962796
"15","20200604-37-890","Camptocercus sp.","YO",2020-06-04,"37-890",0,0
"16","20200604-37-890","Ceriodaphnia sp.","YO",2020-06-04,"37-890",0,0
"17","20200604-37-890","Chydoridae spp.","YO",2020-06-04,"37-890",0,0
"18","20200604-37-890","Cladocera sp.","YO",2020-06-04,"37-890",0,0
"19","20200604-37-890","Collotheca sp.","YO",2020-06-04,"37-890",0,0
"20","20200604-37-890","Conochilus sp.","YO",2020-06-04,"37-890",0,0
"21","20200604-37-890","Cyclopoida spp.","YO",2020-06-04,"37-890",1.4806216241827,1.00883484149335
"22","20200604-37-890","Cyclopoida spp. nauplii","Nauplii",2020-06-04,"37-890",4.68863514324521,0.415730354856916
"23","20200604-37-890","Daphnia ambigua","YO",2020-06-04,"37-890",0,0
"24","20200604-37-890","Daphnia laevis","YO",2020-06-04,"37-890",0,0
"25","20200604-37-890","Daphnia longiremis","YO",2020-06-04,"37-890",0,0
"26","20200604-37-890","Daphnia lumholtzi","YO",2020-06-04,"37-890",0,0
"27","20200604-37-890","Daphnia mendotae","YO",2020-06-04,"37-890",0,0
"28","20200604-37-890","Daphnia parvula","YO",2020-06-04,"37-890",0,0
"29","20200604-37-890","Daphnia pulex","YO",2020-06-04,"37-890",0,0
"30","20200604-37-890","Daphnia retrocurva","YO",2020-06-04,"37-890",43.1847973719953,174.678753335225
"31","20200604-37-890","Daphnia rosea","YO",2020-06-04,"37-890",0,0
"32","20200604-37-890","Daphnia schodleri","YO",2020-06-04,"37-890",0,0
"33","20200604-37-890","Diacyclops thomasi","YO",2020-06-04,"37-890",0,0
"34","20200604-37-890","Diaphanosoma sp.","YO",2020-06-04,"37-890",0,0
"35","20200604-37-890","Dreissena spp.","Veliger",2020-06-04,"37-890",141.15259483875,65.63587589706
"36","20200604-37-890","Epischura lacustris","YO",2020-06-04,"37-890",0.493540541394232,8.11672079248222
"37","20200604-37-890","Ergasilus sp.","YO",2020-06-04,"37-890",0,0
"38","20200604-37-890","Euchlanis sp.","YO",2020-06-04,"37-890",0,0
"39","20200604-37-890","Eucyclops spp.","YO",2020-06-04,"37-890",0,0
"40","20200604-37-890","Eurycercus lamellatus","YO",2020-06-04,"37-890",0,0
"41","20200604-37-890","Eurytemora carolleeae","YO",2020-06-04,"37-890",1.4806216241827,7.45321787301513
"42","20200604-37-890","Filinia sp.","YO",2020-06-04,"37-890",0,0
"43","20200604-37-890","Harpacticoida spp.","YO",2020-06-04,"37-890",0,0
"44","20200604-37-890","Harpacticoida spp. nauplii","Nauplii",2020-06-04,"37-890",0,0
"45","20200604-37-890","Holopedium gibberum","YO",2020-06-04,"37-890",0,0
"46","20200604-37-890","Ilyocryptus sp.","YO",2020-06-04,"37-890",0,0
"47","20200604-37-890","Kellicottia sp.","YO",2020-06-04,"37-890",0,0
"48","20200604-37-890","Keratella quadrata","YO",2020-06-04,"37-890",0,0
"49","20200604-37-890","Keratella sp.","YO",2020-06-04,"37-890",17.027148678101,1.872984051653
"50","20200604-37-890","Kurzia latissima","YO",2020-06-04,"37-890",0,0
"51","20200604-37-890","Lecane sp.","YO",2020-06-04,"37-890",0,0
"52","20200604-37-890","Lepadella patella","YO",2020-06-04,"37-890",0,0
"53","20200604-37-890","Leptodiaptomus ashlandi","YO",2020-06-04,"37-890",0,0
"54","20200604-37-890","Leptodiaptomus minutus","YO",2020-06-04,"37-890",0,0
"55","20200604-37-890","Leptodiaptomus sicilis","YO",2020-06-04,"37-890",0,0
"56","20200604-37-890","Leptodiaptomus siciloides","YO",2020-06-04,"37-890",0,0
"57","20200604-37-890","Leptodora kindti","YO",2020-06-04,"37-890",0.246770270697116,4.25797935019954
"58","20200604-37-890","Leydigia sp.","YO",2020-06-04,"37-890",0,0
"59","20200604-37-890","Limnocalanus macrurus","YO",2020-06-04,"37-890",0,0
"60","20200604-37-890","Macrothrix sp.","YO",2020-06-04,"37-890",0,0
"61","20200604-37-890","Mesocyclops spp.","YO",2020-06-04,"37-890",0.493540541394232,5.35823464644517
"62","20200604-37-890","Moina sp.","YO",2020-06-04,"37-890",0,0
"63","20200604-37-890","Monostyla sp.","YO",2020-06-04,"37-890",0,0
"64","20200604-37-890","Notholca sp.","YO",2020-06-04,"37-890",0,0
"65","20200604-37-890","Paracyclops poppei","YO",2020-06-04,"37-890",0,0
"66","20200604-37-890","Platyias sp.","YO",2020-06-04,"37-890",0,0
"67","20200604-37-890","Pleuroxus sp.","YO",2020-06-04,"37-890",0,0
"68","20200604-37-890","Ploesoma sp.","YO",2020-06-04,"37-890",0.740310812091348,0
"69","20200604-37-890","Polyarthra sp.","YO",2020-06-04,"37-890",14.3126757004327,10.591366995628
"70","20200604-37-890","Rotifera spp.","YO",2020-06-04,"37-890",70.5762974193752,30.982956471838
"71","20200604-37-890","Scapholeberis sp.","YO",2020-06-04,"37-890",0,0
"72","20200604-37-890","Sida crystallina","YO",2020-06-04,"37-890",0,0
"73","20200604-37-890","Simocephalus sp.","YO",2020-06-04,"37-890",0,0
"74","20200604-37-890","Skistodiaptomus oregonensis","YO",2020-06-04,"37-890",0.493540541394232,3.27577153833104
"75","20200604-37-890","Skistodiaptomus reighardi","YO",2020-06-04,"37-890",0,0
"76","20200604-37-890","Synchaeta sp.","YO",2020-06-04,"37-890",0,0
"77","20200604-37-890","Testudinella sp.","YO",2020-06-04,"37-890",0,0
"78","20200604-37-890","Trichocerca sp.","YO",2020-06-04,"37-890",0,0
"79","20200604-37-890","Tropocyclops prasinus mexicanus","YO",2020-06-04,"37-890",0,0
"80","20200604-37-890","Unidentified Daphniidae spp.","YO",2020-06-04,"37-890",0,0
"81","20200618-37-890","Acanthocyclops vernalis","YO",2020-06-18,"37-890",0.168362068014852,0.535596164765751
"82","20200618-37-890","Acroperus harpae","YO",2020-06-18,"37-890",0,0
"83","20200618-37-890","Alona sp.","YO",2020-06-18,"37-890",0,0
"84","20200618-37-890","Alonella sp.","YO",2020-06-18,"37-890",0,0
"85","20200618-37-890","Argulus sp.","YO",2020-06-18,"37-890",0,0
"86","20200618-37-890","Ascomorpha sp.","YO",2020-06-18,"37-890",0,0
"87","20200618-37-890","Asplanchna sp.","YO",2020-06-18,"37-890",0,0
"88","20200618-37-890","Bipalpus hudsoni","YO",2020-06-18,"37-890",0,0
"89","20200618-37-890","Bosmina coregoni","YO",2020-06-18,"37-890",0.715538789063122,2.70722894170046
"90","20200618-37-890","Bosmina longirostris","YO",2020-06-18,"37-890",0.042090517003713,0.0311533726956773
"91","20200618-37-890","Bosminopsis deitersi","YO",2020-06-18,"37-890",0,0
"92","20200618-37-890","Brachionus sp.","YO",2020-06-18,"37-890",0,0
"93","20200618-37-890","Calanoida spp.","YO",2020-06-18,"37-890",1.43107757812624,2.26029061075923
"94","20200618-37-890","Calanoida spp. nauplii","Nauplii",2020-06-18,"37-890",18.8565516176634,2.39227974464006
"95","20200618-37-890","Camptocercus sp.","YO",2020-06-18,"37-890",0,0
"96","20200618-37-890","Ceriodaphnia sp.","YO",2020-06-18,"37-890",0,0
"97","20200618-37-890","Chydoridae spp.","YO",2020-06-18,"37-890",0,0
"98","20200618-37-890","Cladocera sp.","YO",2020-06-18,"37-890",0,0
"99","20200618-37-890","Collotheca sp.","YO",2020-06-18,"37-890",0,0
"100","20200618-37-890","Conochilus sp.","YO",2020-06-18,"37-890",0,0
"101","20200618-37-890","Cyclopoida spp.","YO",2020-06-18,"37-890",3.70396549632675,4.87222192977523
"102","20200618-37-890","Cyclopoida spp. nauplii","Nauplii",2020-06-18,"37-890",4.96668100643814,0.49915726498127
"103","20200618-37-890","Daphnia ambigua","YO",2020-06-18,"37-890",0,0
"104","20200618-37-890","Daphnia laevis","YO",2020-06-18,"37-890",0,0
"105","20200618-37-890","Daphnia longiremis","YO",2020-06-18,"37-890",0,0
"106","20200618-37-890","Daphnia lumholtzi","YO",2020-06-18,"37-890",0,0
"107","20200618-37-890","Daphnia mendotae","YO",2020-06-18,"37-890",0.378814653033417,2.84252186757394
"108","20200618-37-890","Daphnia parvula","YO",2020-06-18,"37-890",0,0
"109","20200618-37-890","Daphnia pulex","YO",2020-06-18,"37-890",0,0
"110","20200618-37-890","Daphnia retrocurva","YO",2020-06-18,"37-890",5.09295255744928,33.7202199886289
"111","20200618-37-890","Daphnia rosea","YO",2020-06-18,"37-890",0,0
"112","20200618-37-890","Daphnia schodleri","YO",2020-06-18,"37-890",0,0
"113","20200618-37-890","Diacyclops thomasi","YO",2020-06-18,"37-890",0.589267238051982,2.1327281155607
"114","20200618-37-890","Diaphanosoma sp.","YO",2020-06-18,"37-890",0.631357755055695,1.81673022588007
"115","20200618-37-890","Dreissena spp.","Veliger",2020-06-18,"37-890",7.40793099265349,3.444683676153
"116","20200618-37-890","Epischura lacustris","YO",2020-06-18,"37-890",0,0
"117","20200618-37-890","Ergasilus sp.","YO",2020-06-18,"37-890",0,0
"118","20200618-37-890","Euchlanis sp.","YO",2020-06-18,"37-890",0,0
"119","20200618-37-890","Eucyclops spp.","YO",2020-06-18,"37-890",0,0
"120","20200618-37-890","Eurycercus lamellatus","YO",2020-06-18,"37-890",0,0
"121","20200618-37-890","Eurytemora carolleeae","YO",2020-06-18,"37-890",0.0841810340074261,0.427708676351805
"122","20200618-37-890","Filinia sp.","YO",2020-06-18,"37-890",0,0
"123","20200618-37-890","Harpacticoida spp.","YO",2020-06-18,"37-890",0,0
"124","20200618-37-890","Harpacticoida spp. nauplii","Nauplii",2020-06-18,"37-890",0,0
"125","20200618-37-890","Holopedium gibberum","YO",2020-06-18,"37-890",0,0
"126","20200618-37-890","Ilyocryptus sp.","YO",2020-06-18,"37-890",0,0
"127","20200618-37-890","Kellicottia sp.","YO",2020-06-18,"37-890",0,0
"128","20200618-37-890","Keratella quadrata","YO",2020-06-18,"37-890",0,0
"129","20200618-37-890","Keratella sp.","YO",2020-06-18,"37-890",0.378814653033417,0.041669560603
"130","20200618-37-890","Kurzia latissima","YO",2020-06-18,"37-890",0,0
"131","20200618-37-890","Lecane sp.","YO",2020-06-18,"37-890",0,0
"132","20200618-37-890","Lepadella patella","YO",2020-06-18,"37-890",0,0
"133","20200618-37-890","Leptodiaptomus ashlandi","YO",2020-06-18,"37-890",0.0841810340074261,0.539341994447947
"134","20200618-37-890","Leptodiaptomus minutus","YO",2020-06-18,"37-890",0.0841810340074261,0.305593372160327
"135","20200618-37-890","Leptodiaptomus sicilis","YO",2020-06-18,"37-890",0,0
"136","20200618-37-890","Leptodiaptomus siciloides","YO",2020-06-18,"37-890",0.336724136029704,2.58986781270227
"137","20200618-37-890","Leptodora kindti","YO",2020-06-18,"37-890",0.168362068014852,3.04771641471721
"138","20200618-37-890","Leydigia sp.","YO",2020-06-18,"37-890",0,0
"139","20200618-37-890","Limnocalanus macrurus","YO",2020-06-18,"37-890",0,0
"140","20200618-37-890","Macrothrix sp.","YO",2020-06-18,"37-890",0.042090517003713,0.0051259017478131
"141","20200618-37-890","Mesocyclops spp.","YO",2020-06-18,"37-890",4.12487066636388,14.7266818001909
"142","20200618-37-890","Moina sp.","YO",2020-06-18,"37-890",0,0
"143","20200618-37-890","Monostyla sp.","YO",2020-06-18,"37-890",0,0
"144","20200618-37-890","Notholca sp.","YO",2020-06-18,"37-890",0,0
"145","20200618-37-890","Paracyclops poppei","YO",2020-06-18,"37-890",0,0
"146","20200618-37-890","Platyias sp.","YO",2020-06-18,"37-890",0,0
"147","20200618-37-890","Pleuroxus sp.","YO",2020-06-18,"37-890",0,0
"148","20200618-37-890","Ploesoma sp.","YO",2020-06-18,"37-890",0,0
"149","20200618-37-890","Polyarthra sp.","YO",2020-06-18,"37-890",1.01017240808911,0.74752666284
"150","20200618-37-890","Rotifera spp.","YO",2020-06-18,"37-890",1.43107757812624,0.6282422843215
"151","20200618-37-890","Scapholeberis sp.","YO",2020-06-18,"37-890",0,0
"152","20200618-37-890","Sida crystallina","YO",2020-06-18,"37-890",0,0
"153","20200618-37-890","Simocephalus sp.","YO",2020-06-18,"37-890",0,0
"154","20200618-37-890","Skistodiaptomus oregonensis","YO",2020-06-18,"37-890",0,0
"155","20200618-37-890","Skistodiaptomus reighardi","YO",2020-06-18,"37-890",0,0
"156","20200618-37-890","Synchaeta sp.","YO",2020-06-18,"37-890",0,0
"157","20200618-37-890","Testudinella sp.","YO",2020-06-18,"37-890",0,0
"158","20200618-37-890","Trichocerca sp.","YO",2020-06-18,"37-890",0,0
"159","20200618-37-890","Tropocyclops prasinus mexicanus","YO",2020-06-18,"37-890",0,0
"160","20200618-37-890","Unidentified Daphniidae spp.","YO",2020-06-18,"37-890",0,0
"161","20200629-37-890","Acanthocyclops vernalis","YO",2020-06-29,"37-890",2.36161455321352,7.33188643269402
"162","20200629-37-890","Acroperus harpae","YO",2020-06-29,"37-890",0,0
"163","20200629-37-890","Alona sp.","YO",2020-06-29,"37-890",0,0
"164","20200629-37-890","Alonella sp.","YO",2020-06-29,"37-890",0,0
"165","20200629-37-890","Argulus sp.","YO",2020-06-29,"37-890",0,0
"166","20200629-37-890","Ascomorpha sp.","YO",2020-06-29,"37-890",0,0
"167","20200629-37-890","Asplanchna sp.","YO",2020-06-29,"37-890",0.29520181915169,0.047232232992
"168","20200629-37-890","Bipalpus hudsoni","YO",2020-06-29,"37-890",0,0
"169","20200629-37-890","Bosmina coregoni","YO",2020-06-29,"37-890",1.77121091491014,4.70965357355526
"170","20200629-37-890","Bosmina longirostris","YO",2020-06-29,"37-890",2.9520181915169,3.1917342723136
"171","20200629-37-890","Bosminopsis deitersi","YO",2020-06-29,"37-890",0,0
"172","20200629-37-890","Brachionus sp.","YO",2020-06-29,"37-890",4.72322910642704,0.9446446598
"173","20200629-37-890","Calanoida spp.","YO",2020-06-29,"37-890",2.36161455321352,3.85871694042341
"174","20200629-37-890","Calanoida spp. nauplii","Nauplii",2020-06-29,"37-890",52.2507219898492,7.05509793466164
"175","20200629-37-890","Camptocercus sp.","YO",2020-06-29,"37-890",0,0
"176","20200629-37-890","Ceriodaphnia sp.","YO",2020-06-29,"37-890",0,0
"177","20200629-37-890","Chydoridae spp.","YO",2020-06-29,"37-890",0,0
"178","20200629-37-890","Cladocera sp.","YO",2020-06-29,"37-890",0,0
"179","20200629-37-890","Collotheca sp.","YO",2020-06-29,"37-890",0,0
"180","20200629-37-890","Conochilus sp.","YO",2020-06-29,"37-890",0,0
"181","20200629-37-890","Cyclopoida spp.","YO",2020-06-29,"37-890",3.24722001066859,3.21268919905535
"182","20200629-37-890","Cyclopoida spp. nauplii","Nauplii",2020-06-29,"37-890",12.398476404371,1.16879496697612
"183","20200629-37-890","Daphnia ambigua","YO",2020-06-29,"37-890",0,0
"184","20200629-37-890","Daphnia laevis","YO",2020-06-29,"37-890",0,0
"185","20200629-37-890","Daphnia longiremis","YO",2020-06-29,"37-890",0,0
"186","20200629-37-890","Daphnia lumholtzi","YO",2020-06-29,"37-890",0,0
"187","20200629-37-890","Daphnia mendotae","YO",2020-06-29,"37-890",6.49444002133719,60.8576291038405
"188","20200629-37-890","Daphnia parvula","YO",2020-06-29,"37-890",0,0
"189","20200629-37-890","Daphnia pulex","YO",2020-06-29,"37-890",0,0
"190","20200629-37-890","Daphnia retrocurva","YO",2020-06-29,"37-890",210.774098874307,1125.68708048811
"191","20200629-37-890","Daphnia rosea","YO",2020-06-29,"37-890",0,0
"192","20200629-37-890","Daphnia schodleri","YO",2020-06-29,"37-890",0,0
"193","20200629-37-890","Diacyclops thomasi","YO",2020-06-29,"37-890",0,0
"194","20200629-37-890","Diaphanosoma sp.","YO",2020-06-29,"37-890",0.885605457455071,2.57141376430102
"195","20200629-37-890","Dreissena spp.","Veliger",2020-06-29,"37-890",174.759476937801,81.2630568585975
"196","20200629-37-890","Epischura lacustris","YO",2020-06-29,"37-890",0,0
"197","20200629-37-890","Ergasilus sp.","YO",2020-06-29,"37-890",0,0
"198","20200629-37-890","Euchlanis sp.","YO",2020-06-29,"37-890",0,0
"199","20200629-37-890","Eucyclops spp.","YO",2020-06-29,"37-890",0,0
"200","20200629-37-890","Eurycercus lamellatus","YO",2020-06-29,"37-890",0,0
"201","20200629-37-890","Eurytemora carolleeae","YO",2020-06-29,"37-890",0,0
"202","20200629-37-890","Filinia sp.","YO",2020-06-29,"37-890",0,0
"203","20200629-37-890","Harpacticoida spp.","YO",2020-06-29,"37-890",0,0
"204","20200629-37-890","Harpacticoida spp. nauplii","Nauplii",2020-06-29,"37-890",0,0
"205","20200629-37-890","Holopedium gibberum","YO",2020-06-29,"37-890",0,0
"206","20200629-37-890","Ilyocryptus sp.","YO",2020-06-29,"37-890",0,0
"207","20200629-37-890","Kellicottia sp.","YO",2020-06-29,"37-890",0,0
"208","20200629-37-890","Keratella quadrata","YO",2020-06-29,"37-890",0,0
"209","20200629-37-890","Keratella sp.","YO",2020-06-29,"37-890",3.83762364897197,0.422138082344
"210","20200629-37-890","Kurzia latissima","YO",2020-06-29,"37-890",0,0
"211","20200629-37-890","Lecane sp.","YO",2020-06-29,"37-890",0,0
"212","20200629-37-890","Lepadella patella","YO",2020-06-29,"37-890",0,0
"213","20200629-37-890","Leptodiaptomus ashlandi","YO",2020-06-29,"37-890",0,0
"214","20200629-37-890","Leptodiaptomus minutus","YO",2020-06-29,"37-890",0,0
"215","20200629-37-890","Leptodiaptomus sicilis","YO",2020-06-29,"37-890",0,0
"216","20200629-37-890","Leptodiaptomus siciloides","YO",2020-06-29,"37-890",1.18080727660676,6.68235031569199
"217","20200629-37-890","Leptodora kindti","YO",2020-06-29,"37-890",2.36161455321352,21.1210896803727
"218","20200629-37-890","Leydigia sp.","YO",2020-06-29,"37-890",0,0
"219","20200629-37-890","Limnocalanus macrurus","YO",2020-06-29,"37-890",0,0
"220","20200629-37-890","Macrothrix sp.","YO",2020-06-29,"37-890",0,0
"221","20200629-37-890","Mesocyclops spp.","YO",2020-06-29,"37-890",6.49444002133719,26.1999982952491
"222","20200629-37-890","Moina sp.","YO",2020-06-29,"37-890",0,0
"223","20200629-37-890","Monostyla sp.","YO",2020-06-29,"37-890",0,0
"224","20200629-37-890","Notholca sp.","YO",2020-06-29,"37-890",0,0
"225","20200629-37-890","Paracyclops poppei","YO",2020-06-29,"37-890",0,0
"226","20200629-37-890","Platyias sp.","YO",2020-06-29,"37-890",0,0
"227","20200629-37-890","Pleuroxus sp.","YO",2020-06-29,"37-890",0,0
"228","20200629-37-890","Ploesoma sp.","YO",2020-06-29,"37-890",3.83762364897197,0
"229","20200629-37-890","Polyarthra sp.","YO",2020-06-29,"37-890",47.2322910642704,34.951852412304
"230","20200629-37-890","Rotifera spp.","YO",2020-06-29,"37-890",44.2802728727535,19.4390158898042
"231","20200629-37-890","Scapholeberis sp.","YO",2020-06-29,"37-890",0,0
"232","20200629-37-890","Sida crystallina","YO",2020-06-29,"37-890",0,0
"233","20200629-37-890","Simocephalus sp.","YO",2020-06-29,"37-890",0,0
"234","20200629-37-890","Skistodiaptomus oregonensis","YO",2020-06-29,"37-890",0,0
"235","20200629-37-890","Skistodiaptomus reighardi","YO",2020-06-29,"37-890",0,0
"236","20200629-37-890","Synchaeta sp.","YO",2020-06-29,"37-890",0,0
"237","20200629-37-890","Testudinella sp.","YO",2020-06-29,"37-890",0,0
"238","20200629-37-890","Trichocerca sp.","YO",2020-06-29,"37-890",0,0
"239","20200629-37-890","Tropocyclops prasinus mexicanus","YO",2020-06-29,"37-890",0,0
"240","20200629-37-890","Unidentified Daphniidae spp.","YO",2020-06-29,"37-890",0,0
"241","20200714-37-890","Acanthocyclops vernalis","YO",2020-07-14,"37-890",0,0
"242","20200714-37-890","Acroperus harpae","YO",2020-07-14,"37-890",0,0
"243","20200714-37-890","Alona sp.","YO",2020-07-14,"37-890",0,0
"244","20200714-37-890","Alonella sp.","YO",2020-07-14,"37-890",0,0
"245","20200714-37-890","Argulus sp.","YO",2020-07-14,"37-890",0,0
"246","20200714-37-890","Ascomorpha sp.","YO",2020-07-14,"37-890",0,0
"247","20200714-37-890","Asplanchna sp.","YO",2020-07-14,"37-890",7.1745362477604,1.147924388208
"248","20200714-37-890","Bipalpus hudsoni","YO",2020-07-14,"37-890",0,0
"249","20200714-37-890","Bosmina coregoni","YO",2020-07-14,"37-890",0.18635159085092,0.45544396127804
"250","20200714-37-890","Bosmina longirostris","YO",2020-07-14,"37-890",0.279527386276379,0.245192282089309
"251","20200714-37-890","Bosminopsis deitersi","YO",2020-07-14,"37-890",0,0
"252","20200714-37-890","Brachionus sp.","YO",2020-07-14,"37-890",9.13122795169506,1.82624334488
"253","20200714-37-890","Calanoida spp.","YO",2020-07-14,"37-890",0.838582158829138,1.39995409483327
"254","20200714-37-890","Calanoida spp. nauplii","Nauplii",2020-07-14,"37-890",48.4514136212391,9.06879092034264
"255","20200714-37-890","Camptocercus sp.","YO",2020-07-14,"37-890",0,0
"256","20200714-37-890","Ceriodaphnia sp.","YO",2020-07-14,"37-890",0,0
"257","20200714-37-890","Chydoridae spp.","YO",2020-07-14,"37-890",0,0
"258","20200714-37-890","Cladocera sp.","YO",2020-07-14,"37-890",0,0
"259","20200714-37-890","Collotheca sp.","YO",2020-07-14,"37-890",0,0
"260","20200714-37-890","Conochilus sp.","YO",2020-07-14,"37-890",0,0
"261","20200714-37-890","Cyclopoida spp.","YO",2020-07-14,"37-890",11.0879196556297,12.0488741884116
"262","20200714-37-890","Cyclopoida spp. nauplii","Nauplii",2020-07-14,"37-890",6.80183306605856,0.703969825646064
"263","20200714-37-890","Daphnia ambigua","YO",2020-07-14,"37-890",0,0
"264","20200714-37-890","Daphnia laevis","YO",2020-07-14,"37-890",0,0
"265","20200714-37-890","Daphnia longiremis","YO",2020-07-14,"37-890",0,0
"266","20200714-37-890","Daphnia lumholtzi","YO",2020-07-14,"37-890",0.0931757954254598,1.00868280104867
"267","20200714-37-890","Daphnia mendotae","YO",2020-07-14,"37-890",7.82676681573862,107.607981413821
"268","20200714-37-890","Daphnia parvula","YO",2020-07-14,"37-890",0,0
"269","20200714-37-890","Daphnia pulex","YO",2020-07-14,"37-890",0,0
"270","20200714-37-890","Daphnia retrocurva","YO",2020-07-14,"37-890",0.0931757954254598,0.109982729637296
"271","20200714-37-890","Daphnia rosea","YO",2020-07-14,"37-890",0,0
"272","20200714-37-890","Daphnia schodleri","YO",2020-07-14,"37-890",0,0
"273","20200714-37-890","Diacyclops thomasi","YO",2020-07-14,"37-890",0,0
"274","20200714-37-890","Diaphanosoma sp.","YO",2020-07-14,"37-890",1.02493374968006,2.81276752078167
"275","20200714-37-890","Dreissena spp.","Veliger",2020-07-14,"37-890",307.01424592689,142.761448822833
"276","20200714-37-890","Epischura lacustris","YO",2020-07-14,"37-890",0,0
"277","20200714-37-890","Ergasilus sp.","YO",2020-07-14,"37-890",0,0
"278","20200714-37-890","Euchlanis sp.","YO",2020-07-14,"37-890",0,0
"279","20200714-37-890","Eucyclops spp.","YO",2020-07-14,"37-890",0,0
"280","20200714-37-890","Eurycercus lamellatus","YO",2020-07-14,"37-890",0,0
"281","20200714-37-890","Eurytemora carolleeae","YO",2020-07-14,"37-890",0,0
"282","20200714-37-890","Filinia sp.","YO",2020-07-14,"37-890",0,0
"283","20200714-37-890","Harpacticoida spp.","YO",2020-07-14,"37-890",0,0
"284","20200714-37-890","Harpacticoida spp. nauplii","Nauplii",2020-07-14,"37-890",0,0
"285","20200714-37-890","Holopedium gibberum","YO",2020-07-14,"37-890",0,0
"286","20200714-37-890","Ilyocryptus sp.","YO",2020-07-14,"37-890",0,0
"287","20200714-37-890","Kellicottia sp.","YO",2020-07-14,"37-890",0,0
"288","20200714-37-890","Keratella quadrata","YO",2020-07-14,"37-890",0,0
"289","20200714-37-890","Keratella sp.","YO",2020-07-14,"37-890",1.95669170393466,0.215235822791
"290","20200714-37-890","Kurzia latissima","YO",2020-07-14,"37-890",0,0
"291","20200714-37-890","Lecane sp.","YO",2020-07-14,"37-890",0,0
"292","20200714-37-890","Lepadella patella","YO",2020-07-14,"37-890",0,0
"293","20200714-37-890","Leptodiaptomus ashlandi","YO",2020-07-14,"37-890",0,0
"294","20200714-37-890","Leptodiaptomus minutus","YO",2020-07-14,"37-890",0,0
"295","20200714-37-890","Leptodiaptomus sicilis","YO",2020-07-14,"37-890",0,0
"296","20200714-37-890","Leptodiaptomus siciloides","YO",2020-07-14,"37-890",0,0
"297","20200714-37-890","Leptodora kindti","YO",2020-07-14,"37-890",0.745406363403678,7.65531784889051
"298","20200714-37-890","Leydigia sp.","YO",2020-07-14,"37-890",0,0
"299","20200714-37-890","Limnocalanus macrurus","YO",2020-07-14,"37-890",0,0
"300","20200714-37-890","Macrothrix sp.","YO",2020-07-14,"37-890",0,0
"301","20200714-37-890","Mesocyclops spp.","YO",2020-07-14,"37-890",7.45406363403678,35.2027006220466
"302","20200714-37-890","Moina sp.","YO",2020-07-14,"37-890",0,0
"303","20200714-37-890","Monostyla sp.","YO",2020-07-14,"37-890",0,0
"304","20200714-37-890","Notholca sp.","YO",2020-07-14,"37-890",0,0
"305","20200714-37-890","Paracyclops poppei","YO",2020-07-14,"37-890",0,0
"306","20200714-37-890","Platyias sp.","YO",2020-07-14,"37-890",0,0
"307","20200714-37-890","Pleuroxus sp.","YO",2020-07-14,"37-890",0,0
"308","20200714-37-890","Ploesoma sp.","YO",2020-07-14,"37-890",0.465878977127299,0
"309","20200714-37-890","Polyarthra sp.","YO",2020-07-14,"37-890",314.002430583799,232.361512930592
"310","20200714-37-890","Rotifera spp.","YO",2020-07-14,"37-890",395.065372603949,173.433485326974
"311","20200714-37-890","Scapholeberis sp.","YO",2020-07-14,"37-890",0,0
"312","20200714-37-890","Sida crystallina","YO",2020-07-14,"37-890",0,0
"313","20200714-37-890","Simocephalus sp.","YO",2020-07-14,"37-890",0,0
"314","20200714-37-890","Skistodiaptomus oregonensis","YO",2020-07-14,"37-890",0.372703181701839,2.18142346531346
"315","20200714-37-890","Skistodiaptomus reighardi","YO",2020-07-14,"37-890",0.0931757954254598,0.385452351936673
"316","20200714-37-890","Synchaeta sp.","YO",2020-07-14,"37-890",0,0
"317","20200714-37-890","Testudinella sp.","YO",2020-07-14,"37-890",0,0
"318","20200714-37-890","Trichocerca sp.","YO",2020-07-14,"37-890",0,0
"319","20200714-37-890","Tropocyclops prasinus mexicanus","YO",2020-07-14,"37-890",0,0
"320","20200714-37-890","Unidentified Daphniidae spp.","YO",2020-07-14,"37-890",0,0
"321","20200803-37-890","Acanthocyclops vernalis","YO",2020-08-03,"37-890",1.36478903230719,3.59037401771194
"322","20200803-37-890","Acroperus harpae","YO",2020-08-03,"37-890",0,0
"323","20200803-37-890","Alona sp.","YO",2020-08-03,"37-890",0,0
"324","20200803-37-890","Alonella sp.","YO",2020-08-03,"37-890",0,0
"325","20200803-37-890","Argulus sp.","YO",2020-08-03,"37-890",0,0
"326","20200803-37-890","Ascomorpha sp.","YO",2020-08-03,"37-890",0,0
"327","20200803-37-890","Asplanchna sp.","YO",2020-08-03,"37-890",1.13732419358933,0.181971647232
"328","20200803-37-890","Bipalpus hudsoni","YO",2020-08-03,"37-890",0,0
"329","20200803-37-890","Bosmina coregoni","YO",2020-08-03,"37-890",9.78098806486821,20.237979128293
"330","20200803-37-890","Bosmina longirostris","YO",2020-08-03,"37-890",0.227464838717865,0.24953471688031
"331","20200803-37-890","Bosminopsis deitersi","YO",2020-08-03,"37-890",0,0
"332","20200803-37-890","Brachionus sp.","YO",2020-08-03,"37-890",8.87112870999675,1.7742235605
"333","20200803-37-890","Calanoida spp.","YO",2020-08-03,"37-890",15.240144194097,30.6675484622216
"334","20200803-37-890","Calanoida spp. nauplii","Nauplii",2020-08-03,"37-890",83.8207930675334,10.4442322310488
"335","20200803-37-890","Camptocercus sp.","YO",2020-08-03,"37-890",0,0
"336","20200803-37-890","Ceriodaphnia sp.","YO",2020-08-03,"37-890",0.113732419358933,0.0919190611171973
"337","20200803-37-890","Chydoridae spp.","YO",2020-08-03,"37-890",0,0
"338","20200803-37-890","Cladocera sp.","YO",2020-08-03,"37-890",0,0
"339","20200803-37-890","Collotheca sp.","YO",2020-08-03,"37-890",0,0
"340","20200803-37-890","Conochilus sp.","YO",2020-08-03,"37-890",0,0
"341","20200803-37-890","Cyclopoida spp.","YO",2020-08-03,"37-890",5.45915612922877,5.86798256872717
"342","20200803-37-890","Cyclopoida spp. nauplii","Nauplii",2020-08-03,"37-890",7.73380451640743,0.823835069934014
"343","20200803-37-890","Daphnia ambigua","YO",2020-08-03,"37-890",0,0
"344","20200803-37-890","Daphnia laevis","YO",2020-08-03,"37-890",0,0
"345","20200803-37-890","Daphnia longiremis","YO",2020-08-03,"37-890",0,0
"346","20200803-37-890","Daphnia lumholtzi","YO",2020-08-03,"37-890",0,0
"347","20200803-37-890","Daphnia mendotae","YO",2020-08-03,"37-890",0.341197258076798,2.57003093700017
"348","20200803-37-890","Daphnia parvula","YO",2020-08-03,"37-890",0,0
"349","20200803-37-890","Daphnia pulex","YO",2020-08-03,"37-890",0,0
"350","20200803-37-890","Daphnia retrocurva","YO",2020-08-03,"37-890",0.341197258076798,0.644627993192216
"351","20200803-37-890","Daphnia rosea","YO",2020-08-03,"37-890",0,0
"352","20200803-37-890","Daphnia schodleri","YO",2020-08-03,"37-890",0,0
"353","20200803-37-890","Diacyclops thomasi","YO",2020-08-03,"37-890",0,0
"354","20200803-37-890","Diaphanosoma sp.","YO",2020-08-03,"37-890",8.30246661320209,22.7615421181754
"355","20200803-37-890","Dreissena spp.","Veliger",2020-08-03,"37-890",121.238759036622,56.375953634655
"356","20200803-37-890","Epischura lacustris","YO",2020-08-03,"37-890",0,0
"357","20200803-37-890","Ergasilus sp.","YO",2020-08-03,"37-890",0,0
"358","20200803-37-890","Euchlanis sp.","YO",2020-08-03,"37-890",0,0
"359","20200803-37-890","Eucyclops spp.","YO",2020-08-03,"37-890",0,0
"360","20200803-37-890","Eurycercus lamellatus","YO",2020-08-03,"37-890",0,0
"361","20200803-37-890","Eurytemora carolleeae","YO",2020-08-03,"37-890",0,0
"362","20200803-37-890","Filinia sp.","YO",2020-08-03,"37-890",0,0
"363","20200803-37-890","Harpacticoida spp.","YO",2020-08-03,"37-890",0,0
"364","20200803-37-890","Harpacticoida spp. nauplii","Nauplii",2020-08-03,"37-890",0,0
"365","20200803-37-890","Holopedium gibberum","YO",2020-08-03,"37-890",0,0
"366","20200803-37-890","Ilyocryptus sp.","YO",2020-08-03,"37-890",0,0
"367","20200803-37-890","Kellicottia sp.","YO",2020-08-03,"37-890",0,0
"368","20200803-37-890","Keratella quadrata","YO",2020-08-03,"37-890",0,0
"369","20200803-37-890","Keratella sp.","YO",2020-08-03,"37-890",9.21232596807355,1.01335461051
"370","20200803-37-890","Kurzia latissima","YO",2020-08-03,"37-890",0,0
"371","20200803-37-890","Lecane sp.","YO",2020-08-03,"37-890",0,0
"372","20200803-37-890","Lepadella patella","YO",2020-08-03,"37-890",0,0
"373","20200803-37-890","Leptodiaptomus ashlandi","YO",2020-08-03,"37-890",0,0
"374","20200803-37-890","Leptodiaptomus minutus","YO",2020-08-03,"37-890",0,0
"375","20200803-37-890","Leptodiaptomus sicilis","YO",2020-08-03,"37-890",0,0
"376","20200803-37-890","Leptodiaptomus siciloides","YO",2020-08-03,"37-890",25.9309916138367,127.210007910056
"377","20200803-37-890","Leptodora kindti","YO",2020-08-03,"37-890",1.70598629038399,14.5503137256844
"378","20200803-37-890","Leydigia sp.","YO",2020-08-03,"37-890",0,0
"379","20200803-37-890","Limnocalanus macrurus","YO",2020-08-03,"37-890",0,0
"380","20200803-37-890","Macrothrix sp.","YO",2020-08-03,"37-890",0,0
"381","20200803-37-890","Mesocyclops spp.","YO",2020-08-03,"37-890",28.660569678451,90.478773697149
"382","20200803-37-890","Moina sp.","YO",2020-08-03,"37-890",0,0
"383","20200803-37-890","Monostyla sp.","YO",2020-08-03,"37-890",0,0
"384","20200803-37-890","Notholca sp.","YO",2020-08-03,"37-890",0,0
"385","20200803-37-890","Paracyclops poppei","YO",2020-08-03,"37-890",0,0
"386","20200803-37-890","Platyias sp.","YO",2020-08-03,"37-890",0,0
"387","20200803-37-890","Pleuroxus sp.","YO",2020-08-03,"37-890",0,0
"388","20200803-37-890","Ploesoma sp.","YO",2020-08-03,"37-890",0,0
"389","20200803-37-890","Polyarthra sp.","YO",2020-08-03,"37-890",70.5141000025383,52.180369843184
"390","20200803-37-890","Rotifera spp.","YO",2020-08-03,"37-890",148.875736940843,65.35636815771
"391","20200803-37-890","Scapholeberis sp.","YO",2020-08-03,"37-890",0,0
"392","20200803-37-890","Sida crystallina","YO",2020-08-03,"37-890",0,0
"393","20200803-37-890","Simocephalus sp.","YO",2020-08-03,"37-890",0,0
"394","20200803-37-890","Skistodiaptomus oregonensis","YO",2020-08-03,"37-890",0.227464838717865,1.72840274922508
"395","20200803-37-890","Skistodiaptomus reighardi","YO",2020-08-03,"37-890",0.341197258076798,1.69792277974707
"396","20200803-37-890","Synchaeta sp.","YO",2020-08-03,"37-890",0,0
"397","20200803-37-890","Testudinella sp.","YO",2020-08-03,"37-890",0,0
"398","20200803-37-890","Trichocerca sp.","YO",2020-08-03,"37-890",0,0
"399","20200803-37-890","Tropocyclops prasinus mexicanus","YO",2020-08-03,"37-890",0.227464838717865,0.290193739012624
"400","20200803-37-890","Unidentified Daphniidae spp.","YO",2020-08-03,"37-890",0,0
"401","20200812-37-890","Acanthocyclops vernalis","YO",2020-08-12,"37-890",0.364460707491125,0.848633025659185
"402","20200812-37-890","Acroperus harpae","YO",2020-08-12,"37-890",0,0
"403","20200812-37-890","Alona sp.","YO",2020-08-12,"37-890",0,0
"404","20200812-37-890","Alonella sp.","YO",2020-08-12,"37-890",0,0
"405","20200812-37-890","Argulus sp.","YO",2020-08-12,"37-890",0,0
"406","20200812-37-890","Ascomorpha sp.","YO",2020-08-12,"37-890",0,0
"407","20200812-37-890","Asplanchna sp.","YO",2020-08-12,"37-890",0,0
"408","20200812-37-890","Bipalpus hudsoni","YO",2020-08-12,"37-890",0,0
"409","20200812-37-890","Bosmina coregoni","YO",2020-08-12,"37-890",22.5965638644498,42.6419972282058
"410","20200812-37-890","Bosmina longirostris","YO",2020-08-12,"37-890",2.18676424494675,1.53847644350847
"411","20200812-37-890","Bosminopsis deitersi","YO",2020-08-12,"37-890",0,0
"412","20200812-37-890","Brachionus sp.","YO",2020-08-12,"37-890",12.3916640546983,2.4783297637
"413","20200812-37-890","Calanoida spp.","YO",2020-08-12,"37-890",10.7515908709882,29.4688235249735
"414","20200812-37-890","Calanoida spp. nauplii","Nauplii",2020-08-12,"37-890",99.1333124375861,17.3459342199342
"415","20200812-37-890","Camptocercus sp.","YO",2020-08-12,"37-890",0,0
"416","20200812-37-890","Ceriodaphnia sp.","YO",2020-08-12,"37-890",0,0
"417","20200812-37-890","Chydoridae spp.","YO",2020-08-12,"37-890",0.364460707491125,0.28667474836761
"418","20200812-37-890","Cladocera sp.","YO",2020-08-12,"37-890",0,0
"419","20200812-37-890","Collotheca sp.","YO",2020-08-12,"37-890",0,0
"420","20200812-37-890","Conochilus sp.","YO",2020-08-12,"37-890",0,0
"421","20200812-37-890","Cyclopoida spp.","YO",2020-08-12,"37-890",11.662742639716,14.8431345459621
"422","20200812-37-890","Cyclopoida spp. nauplii","Nauplii",2020-08-12,"37-890",13.1205854696805,1.34390037179515
"423","20200812-37-890","Daphnia ambigua","YO",2020-08-12,"37-890",0,0
"424","20200812-37-890","Daphnia laevis","YO",2020-08-12,"37-890",0.182230353745563,1.48733952779043
"425","20200812-37-890","Daphnia longiremis","YO",2020-08-12,"37-890",0,0
"426","20200812-37-890","Daphnia lumholtzi","YO",2020-08-12,"37-890",0,0
"427","20200812-37-890","Daphnia mendotae","YO",2020-08-12,"37-890",0.364460707491125,1.84191130320077
"428","20200812-37-890","Daphnia parvula","YO",2020-08-12,"37-890",0,0
"429","20200812-37-890","Daphnia pulex","YO",2020-08-12,"37-890",0,0
"430","20200812-37-890","Daphnia retrocurva","YO",2020-08-12,"37-890",0.546691061236688,1.45755305681653
"431","20200812-37-890","Daphnia rosea","YO",2020-08-12,"37-890",0,0
"432","20200812-37-890","Daphnia schodleri","YO",2020-08-12,"37-890",0,0
"433","20200812-37-890","Diacyclops thomasi","YO",2020-08-12,"37-890",0,0
"434","20200812-37-890","Diaphanosoma sp.","YO",2020-08-12,"37-890",12.0272033472071,34.6081261808563
"435","20200812-37-890","Dreissena spp.","Veliger",2020-08-12,"37-890",26.7878620005977,12.4563405145275
"436","20200812-37-890","Epischura lacustris","YO",2020-08-12,"37-890",0,0
"437","20200812-37-890","Ergasilus sp.","YO",2020-08-12,"37-890",0,0
"438","20200812-37-890","Euchlanis sp.","YO",2020-08-12,"37-890",0,0
"439","20200812-37-890","Eucyclops spp.","YO",2020-08-12,"37-890",0,0
"440","20200812-37-890","Eurycercus lamellatus","YO",2020-08-12,"37-890",0,0
"441","20200812-37-890","Eurytemora carolleeae","YO",2020-08-12,"37-890",0,0
"442","20200812-37-890","Filinia sp.","YO",2020-08-12,"37-890",0,0
"443","20200812-37-890","Harpacticoida spp.","YO",2020-08-12,"37-890",0,0
"444","20200812-37-890","Harpacticoida spp. nauplii","Nauplii",2020-08-12,"37-890",0,0
"445","20200812-37-890","Holopedium gibberum","YO",2020-08-12,"37-890",0,0
"446","20200812-37-890","Ilyocryptus sp.","YO",2020-08-12,"37-890",0,0
"447","20200812-37-890","Kellicottia sp.","YO",2020-08-12,"37-890",0,0
"448","20200812-37-890","Keratella quadrata","YO",2020-08-12,"37-890",0,0
"449","20200812-37-890","Keratella sp.","YO",2020-08-12,"37-890",12.7561247621894,1.403171998558
"450","20200812-37-890","Kurzia latissima","YO",2020-08-12,"37-890",0,0
"451","20200812-37-890","Lecane sp.","YO",2020-08-12,"37-890",0,0
"452","20200812-37-890","Lepadella patella","YO",2020-08-12,"37-890",0,0
"453","20200812-37-890","Leptodiaptomus ashlandi","YO",2020-08-12,"37-890",0,0
"454","20200812-37-890","Leptodiaptomus minutus","YO",2020-08-12,"37-890",0,0
"455","20200812-37-890","Leptodiaptomus sicilis","YO",2020-08-12,"37-890",0,0
"456","20200812-37-890","Leptodiaptomus siciloides","YO",2020-08-12,"37-890",23.325485279432,116.538661092028
"457","20200812-37-890","Leptodora kindti","YO",2020-08-12,"37-890",0,0
"458","20200812-37-890","Leydigia sp.","YO",2020-08-12,"37-890",0,0
"459","20200812-37-890","Limnocalanus macrurus","YO",2020-08-12,"37-890",0,0
"460","20200812-37-890","Macrothrix sp.","YO",2020-08-12,"37-890",0,0
"461","20200812-37-890","Mesocyclops spp.","YO",2020-08-12,"37-890",14.578428299645,40.0403311081738
"462","20200812-37-890","Moina sp.","YO",2020-08-12,"37-890",0,0
"463","20200812-37-890","Monostyla sp.","YO",2020-08-12,"37-890",0,0
"464","20200812-37-890","Notholca sp.","YO",2020-08-12,"37-890",0,0
"465","20200812-37-890","Paracyclops poppei","YO",2020-08-12,"37-890",0,0
"466","20200812-37-890","Platyias sp.","YO",2020-08-12,"37-890",0,0
"467","20200812-37-890","Pleuroxus sp.","YO",2020-08-12,"37-890",0,0
"468","20200812-37-890","Ploesoma sp.","YO",2020-08-12,"37-890",0,0
"469","20200812-37-890","Polyarthra sp.","YO",2020-08-12,"37-890",142.868597336521,105.722632037132
"470","20200812-37-890","Rotifera spp.","YO",2020-08-12,"37-890",51.7534204637398,22.7197236484139
"471","20200812-37-890","Scapholeberis sp.","YO",2020-08-12,"37-890",0,0
"472","20200812-37-890","Sida crystallina","YO",2020-08-12,"37-890",0,0
"473","20200812-37-890","Simocephalus sp.","YO",2020-08-12,"37-890",0,0
"474","20200812-37-890","Skistodiaptomus oregonensis","YO",2020-08-12,"37-890",0,0
"475","20200812-37-890","Skistodiaptomus reighardi","YO",2020-08-12,"37-890",0.728921414982251,3.72888880966654
"476","20200812-37-890","Synchaeta sp.","YO",2020-08-12,"37-890",0,0
"477","20200812-37-890","Testudinella sp.","YO",2020-08-12,"37-890",0,0
"478","20200812-37-890","Trichocerca sp.","YO",2020-08-12,"37-890",0,0
"479","20200812-37-890","Tropocyclops prasinus mexicanus","YO",2020-08-12,"37-890",0,0
"480","20200812-37-890","Unidentified Daphniidae spp.","YO",2020-08-12,"37-890",0,0
"481","20200825-37-890","Acanthocyclops vernalis","YO",2020-08-25,"37-890",0.135210155454496,0.480707560397848
"482","20200825-37-890","Acroperus harpae","YO",2020-08-25,"37-890",0,0
"483","20200825-37-890","Alona sp.","YO",2020-08-25,"37-890",0,0
"484","20200825-37-890","Alonella sp.","YO",2020-08-25,"37-890",0,0
"485","20200825-37-890","Argulus sp.","YO",2020-08-25,"37-890",0,0
"486","20200825-37-890","Ascomorpha sp.","YO",2020-08-25,"37-890",0,0
"487","20200825-37-890","Asplanchna sp.","YO",2020-08-25,"37-890",0.067605077727248,0.010816799136
"488","20200825-37-890","Bipalpus hudsoni","YO",2020-08-25,"37-890",0.16901269431812,0.103435641738
"489","20200825-37-890","Bosmina coregoni","YO",2020-08-25,"37-890",0.236617772045368,0.400727778790495
"490","20200825-37-890","Bosmina longirostris","YO",2020-08-25,"37-890",1.89294217636294,1.92934047793849
"491","20200825-37-890","Bosminopsis deitersi","YO",2020-08-25,"37-890",0,0
"492","20200825-37-890","Brachionus sp.","YO",2020-08-25,"37-890",4.83376305749823,0.96675142282
"493","20200825-37-890","Calanoida spp.","YO",2020-08-25,"37-890",4.36052751340749,9.29091424353831
"494","20200825-37-890","Calanoida spp. nauplii","Nauplii",2020-08-25,"37-890",49.351706740891,7.51347122123627
"495","20200825-37-890","Camptocercus sp.","YO",2020-08-25,"37-890",0,0
"496","20200825-37-890","Ceriodaphnia sp.","YO",2020-08-25,"37-890",0,0
"497","20200825-37-890","Chydoridae spp.","YO",2020-08-25,"37-890",0,0
"498","20200825-37-890","Cladocera sp.","YO",2020-08-25,"37-890",0,0
"499","20200825-37-890","Collotheca sp.","YO",2020-08-25,"37-890",0,0
"500","20200825-37-890","Conochilus sp.","YO",2020-08-25,"37-890",0,0
"501","20200825-37-890","Cyclopoida spp.","YO",2020-08-25,"37-890",3.85348943045313,3.8703042397262
"502","20200825-37-890","Cyclopoida spp. nauplii","Nauplii",2020-08-25,"37-890",1.8253370986357,0.216762632220608
"503","20200825-37-890","Daphnia ambigua","YO",2020-08-25,"37-890",0,0
"504","20200825-37-890","Daphnia laevis","YO",2020-08-25,"37-890",0,0
"505","20200825-37-890","Daphnia longiremis","YO",2020-08-25,"37-890",0,0
"506","20200825-37-890","Daphnia lumholtzi","YO",2020-08-25,"37-890",0,0
"507","20200825-37-890","Daphnia mendotae","YO",2020-08-25,"37-890",0.202815233181744,1.62630033996818
"508","20200825-37-890","Daphnia parvula","YO",2020-08-25,"37-890",0,0
"509","20200825-37-890","Daphnia pulex","YO",2020-08-25,"37-890",0,0
"510","20200825-37-890","Daphnia retrocurva","YO",2020-08-25,"37-890",0.202815233181744,0.944773917982054
"511","20200825-37-890","Daphnia rosea","YO",2020-08-25,"37-890",0,0
"512","20200825-37-890","Daphnia schodleri","YO",2020-08-25,"37-890",0,0
"513","20200825-37-890","Diacyclops thomasi","YO",2020-08-25,"37-890",0,0
"514","20200825-37-890","Diaphanosoma sp.","YO",2020-08-25,"37-890",1.5549167877267,4.48474155716447
"515","20200825-37-890","Dreissena spp.","Veliger",2020-08-25,"37-890",17.3407024370391,8.0634167188005
"516","20200825-37-890","Epischura lacustris","YO",2020-08-25,"37-890",0.270420310908992,3.17932748321697
"517","20200825-37-890","Ergasilus sp.","YO",2020-08-25,"37-890",0,0
"518","20200825-37-890","Euchlanis sp.","YO",2020-08-25,"37-890",0,0
"519","20200825-37-890","Eucyclops spp.","YO",2020-08-25,"37-890",0,0
"520","20200825-37-890","Eurycercus lamellatus","YO",2020-08-25,"37-890",0,0
"521","20200825-37-890","Eurytemora carolleeae","YO",2020-08-25,"37-890",0,0
"522","20200825-37-890","Filinia sp.","YO",2020-08-25,"37-890",0,0
"523","20200825-37-890","Harpacticoida spp.","YO",2020-08-25,"37-890",0,0
"524","20200825-37-890","Harpacticoida spp. nauplii","Nauplii",2020-08-25,"37-890",0,0
"525","20200825-37-890","Holopedium gibberum","YO",2020-08-25,"37-890",0,0
"526","20200825-37-890","Ilyocryptus sp.","YO",2020-08-25,"37-890",0,0
"527","20200825-37-890","Kellicottia sp.","YO",2020-08-25,"37-890",0,0
"528","20200825-37-890","Keratella quadrata","YO",2020-08-25,"37-890",0,0
"529","20200825-37-890","Keratella sp.","YO",2020-08-25,"37-890",7.16613823908829,0.788274237069
"530","20200825-37-890","Kurzia latissima","YO",2020-08-25,"37-890",0,0
"531","20200825-37-890","Lecane sp.","YO",2020-08-25,"37-890",0,0
"532","20200825-37-890","Lepadella patella","YO",2020-08-25,"37-890",0,0
"533","20200825-37-890","Leptodiaptomus ashlandi","YO",2020-08-25,"37-890",0,0
"534","20200825-37-890","Leptodiaptomus minutus","YO",2020-08-25,"37-890",0.540840621817984,1.43304231904868
"535","20200825-37-890","Leptodiaptomus sicilis","YO",2020-08-25,"37-890",0,0
"536","20200825-37-890","Leptodiaptomus siciloides","YO",2020-08-25,"37-890",2.29857264272643,12.6886069052803
"537","20200825-37-890","Leptodora kindti","YO",2020-08-25,"37-890",0.236617772045368,2.23140986029578
"538","20200825-37-890","Leydigia sp.","YO",2020-08-25,"37-890",0,0
"539","20200825-37-890","Limnocalanus macrurus","YO",2020-08-25,"37-890",0,0
"540","20200825-37-890","Macrothrix sp.","YO",2020-08-25,"37-890",0,0
"541","20200825-37-890","Mesocyclops spp.","YO",2020-08-25,"37-890",4.59714528545286,13.5638872583078
"542","20200825-37-890","Moina sp.","YO",2020-08-25,"37-890",0,0
"543","20200825-37-890","Monostyla sp.","YO",2020-08-25,"37-890",0,0
"544","20200825-37-890","Notholca sp.","YO",2020-08-25,"37-890",0,0
"545","20200825-37-890","Paracyclops poppei","YO",2020-08-25,"37-890",0,0
"546","20200825-37-890","Platyias sp.","YO",2020-08-25,"37-890",0,0
"547","20200825-37-890","Pleuroxus sp.","YO",2020-08-25,"37-890",0,0
"548","20200825-37-890","Ploesoma sp.","YO",2020-08-25,"37-890",0,0
"549","20200825-37-890","Polyarthra sp.","YO",2020-08-25,"37-890",25.9941523861268,19.235649114426
"550","20200825-37-890","Rotifera spp.","YO",2020-08-25,"37-890",77.7796419251988,34.1452208217051
"551","20200825-37-890","Scapholeberis sp.","YO",2020-08-25,"37-890",0,0
"552","20200825-37-890","Sida crystallina","YO",2020-08-25,"37-890",0,0
"553","20200825-37-890","Simocephalus sp.","YO",2020-08-25,"37-890",0,0
"554","20200825-37-890","Skistodiaptomus oregonensis","YO",2020-08-25,"37-890",0.270420310908992,1.54630500540399
"555","20200825-37-890","Skistodiaptomus reighardi","YO",2020-08-25,"37-890",0.236617772045368,1.23512756788311
"556","20200825-37-890","Synchaeta sp.","YO",2020-08-25,"37-890",0,0
"557","20200825-37-890","Testudinella sp.","YO",2020-08-25,"37-890",0,0
"558","20200825-37-890","Trichocerca sp.","YO",2020-08-25,"37-890",0,0
"559","20200825-37-890","Tropocyclops prasinus mexicanus","YO",2020-08-25,"37-890",0.067605077727248,0.0796990667332375
"560","20200825-37-890","Unidentified Daphniidae spp.","YO",2020-08-25,"37-890",0,0
"561","20200908-37-890","Acanthocyclops vernalis","YO",2020-09-08,"37-890",0,0
"562","20200908-37-890","Acroperus harpae","YO",2020-09-08,"37-890",0,0
"563","20200908-37-890","Alona sp.","YO",2020-09-08,"37-890",0,0
"564","20200908-37-890","Alonella sp.","YO",2020-09-08,"37-890",0,0
"565","20200908-37-890","Argulus sp.","YO",2020-09-08,"37-890",0,0
"566","20200908-37-890","Ascomorpha sp.","YO",2020-09-08,"37-890",0,0
"567","20200908-37-890","Asplanchna sp.","YO",2020-09-08,"37-890",0.264396718604053,0.04230342296
"568","20200908-37-890","Bipalpus hudsoni","YO",2020-09-08,"37-890",0,0
"569","20200908-37-890","Bosmina coregoni","YO",2020-09-08,"37-890",30.6700193580701,63.6367488711778
"570","20200908-37-890","Bosmina longirostris","YO",2020-09-08,"37-890",4.75914093487295,3.66877360785818
"571","20200908-37-890","Bosminopsis deitersi","YO",2020-09-08,"37-890",0,0
"572","20200908-37-890","Brachionus sp.","YO",2020-09-08,"37-890",1.05758687441621,0.21151711482
"573","20200908-37-890","Calanoida spp.","YO",2020-09-08,"37-890",7.13871140230943,12.8366864108072
"574","20200908-37-890","Calanoida spp. nauplii","Nauplii",2020-09-08,"37-890",59.753658404516,9.33290799130411
"575","20200908-37-890","Camptocercus sp.","YO",2020-09-08,"37-890",0,0
"576","20200908-37-890","Ceriodaphnia sp.","YO",2020-09-08,"37-890",0,0
"577","20200908-37-890","Chydoridae spp.","YO",2020-09-08,"37-890",2.90836390464458,2.6941959215372
"578","20200908-37-890","Cladocera sp.","YO",2020-09-08,"37-890",0,0
"579","20200908-37-890","Collotheca sp.","YO",2020-09-08,"37-890",0,0
"580","20200908-37-890","Conochilus sp.","YO",2020-09-08,"37-890",0,0
"581","20200908-37-890","Cyclopoida spp.","YO",2020-09-08,"37-890",6.87431468370538,8.43154810076732
"582","20200908-37-890","Cyclopoida spp. nauplii","Nauplii",2020-09-08,"37-890",1.85077703022837,0.222269247897921
"583","20200908-37-890","Daphnia ambigua","YO",2020-09-08,"37-890",0,0
"584","20200908-37-890","Daphnia laevis","YO",2020-09-08,"37-890",0,0
"585","20200908-37-890","Daphnia longiremis","YO",2020-09-08,"37-890",0,0
"586","20200908-37-890","Daphnia lumholtzi","YO",2020-09-08,"37-890",0,0
"587","20200908-37-890","Daphnia mendotae","YO",2020-09-08,"37-890",0,0
"588","20200908-37-890","Daphnia parvula","YO",2020-09-08,"37-890",0,0
"589","20200908-37-890","Daphnia pulex","YO",2020-09-08,"37-890",0,0
"590","20200908-37-890","Daphnia retrocurva","YO",2020-09-08,"37-890",6.34552124649727,10.2530979133126
"591","20200908-37-890","Daphnia rosea","YO",2020-09-08,"37-890",0,0
"592","20200908-37-890","Daphnia schodleri","YO",2020-09-08,"37-890",0,0
"593","20200908-37-890","Diacyclops thomasi","YO",2020-09-08,"37-890",0,0
"594","20200908-37-890","Diaphanosoma sp.","YO",2020-09-08,"37-890",12.9554392115986,39.7501630979187
"595","20200908-37-890","Dreissena spp.","Veliger",2020-09-08,"37-890",69.80073371147,32.4573012677805
"596","20200908-37-890","Epischura lacustris","YO",2020-09-08,"37-890",0,0
"597","20200908-37-890","Ergasilus sp.","YO",2020-09-08,"37-890",0,0
"598","20200908-37-890","Euchlanis sp.","YO",2020-09-08,"37-890",0,0
"599","20200908-37-890","Eucyclops spp.","YO",2020-09-08,"37-890",0,0
"600","20200908-37-890","Eurycercus lamellatus","YO",2020-09-08,"37-890",0,0
"601","20200908-37-890","Eurytemora carolleeae","YO",2020-09-08,"37-890",0,0
"602","20200908-37-890","Filinia sp.","YO",2020-09-08,"37-890",0,0
"603","20200908-37-890","Harpacticoida spp.","YO",2020-09-08,"37-890",0,0
"604","20200908-37-890","Harpacticoida spp. nauplii","Nauplii",2020-09-08,"37-890",0,0
"605","20200908-37-890","Holopedium gibberum","YO",2020-09-08,"37-890",0,0
"606","20200908-37-890","Ilyocryptus sp.","YO",2020-09-08,"37-890",0,0
"607","20200908-37-890","Kellicottia sp.","YO",2020-09-08,"37-890",0.528793437208106,0.032785152794
"608","20200908-37-890","Keratella quadrata","YO",2020-09-08,"37-890",0,0
"609","20200908-37-890","Keratella sp.","YO",2020-09-08,"37-890",40.7170946650242,4.478874906121
"610","20200908-37-890","Kurzia latissima","YO",2020-09-08,"37-890",0,0
"611","20200908-37-890","Lecane sp.","YO",2020-09-08,"37-890",0,0
"612","20200908-37-890","Lepadella patella","YO",2020-09-08,"37-890",0,0
"613","20200908-37-890","Leptodiaptomus ashlandi","YO",2020-09-08,"37-890",0,0
"614","20200908-37-890","Leptodiaptomus minutus","YO",2020-09-08,"37-890",0,0
"615","20200908-37-890","Leptodiaptomus sicilis","YO",2020-09-08,"37-890",0,0
"616","20200908-37-890","Leptodiaptomus siciloides","YO",2020-09-08,"37-890",5.28793437208106,28.4468379233689
"617","20200908-37-890","Leptodora kindti","YO",2020-09-08,"37-890",0.264396718604053,11.4019187759937
"618","20200908-37-890","Leydigia sp.","YO",2020-09-08,"37-890",0,0
"619","20200908-37-890","Limnocalanus macrurus","YO",2020-09-08,"37-890",0,0
"620","20200908-37-890","Macrothrix sp.","YO",2020-09-08,"37-890",0,0
"621","20200908-37-890","Mesocyclops spp.","YO",2020-09-08,"37-890",9.51828186974591,31.8766215054776
"622","20200908-37-890","Moina sp.","YO",2020-09-08,"37-890",0,0
"623","20200908-37-890","Monostyla sp.","YO",2020-09-08,"37-890",0,0
"624","20200908-37-890","Notholca sp.","YO",2020-09-08,"37-890",0,0
"625","20200908-37-890","Paracyclops poppei","YO",2020-09-08,"37-890",0.264396718604053,0.337310473106354
"626","20200908-37-890","Platyias sp.","YO",2020-09-08,"37-890",0,0
"627","20200908-37-890","Pleuroxus sp.","YO",2020-09-08,"37-890",0,0
"628","20200908-37-890","Ploesoma sp.","YO",2020-09-08,"37-890",0.793190155812159,0
"629","20200908-37-890","Polyarthra sp.","YO",2020-09-08,"37-890",28.2904488906337,20.93490643844
"630","20200908-37-890","Rotifera spp.","YO",2020-09-08,"37-890",125.588441336925,55.1332579574849
"631","20200908-37-890","Scapholeberis sp.","YO",2020-09-08,"37-890",0,0
"632","20200908-37-890","Sida crystallina","YO",2020-09-08,"37-890",0,0
"633","20200908-37-890","Simocephalus sp.","YO",2020-09-08,"37-890",0,0
"634","20200908-37-890","Skistodiaptomus oregonensis","YO",2020-09-08,"37-890",0.528793437208106,3.38794254657798
"635","20200908-37-890","Skistodiaptomus reighardi","YO",2020-09-08,"37-890",0.264396718604053,1.40527014971626
"636","20200908-37-890","Synchaeta sp.","YO",2020-09-08,"37-890",0,0
"637","20200908-37-890","Testudinella sp.","YO",2020-09-08,"37-890",0,0
"638","20200908-37-890","Trichocerca sp.","YO",2020-09-08,"37-890",0,0
"639","20200908-37-890","Tropocyclops prasinus mexicanus","YO",2020-09-08,"37-890",0,0
"640","20200908-37-890","Unidentified Daphniidae spp.","YO",2020-09-08,"37-890",0,0
