"","Sample_ID","Sample_date","Sample_site","Calanoida_Nauplii","Calanoida_YO","Cladocera_YO","Cyclopoida_Nauplii","Cyclopoida_YO","Leptodora kindti_YO","Rotifers_YO","Veneroida_Veliger","Surface_temp"
"1","20150508-16-970",2015-05-08,"16-970",1.83007170066665,9.5684564347552,2.21293455606524,0.310782159207018,3.95312023451555,0,1.2371370459942,0.849336063513775,10.89
"2","20150508-27-918",2015-05-08,"27-918",0.234895620020554,1.74118140412807,0.211887354181736,0.0570949150260947,1.17722729828902,0.0408617992858078,0.44969010095356,0.570685664780957,11.76
"3","20150508-29-905",2015-05-08,"29-905",0.15301989171263,2.66720915809972,0.249743971331608,0.0784913743740466,1.03124751094189,0.00830456441893968,18.2235807528088,118.014818284705,10.86
"4","20150508-3-996",2015-05-08,"3-996",4.47503446814214,5.41137233096315,1.4373993964295,1.87998763011618,5.89154181409625,0,160.102291971903,1.69474228983373,13.69
"5","20150508-36-873",2015-05-08,"36-873",4.20139947704973,12.2472668491153,3.31030776490251,0.550364905898345,5.69285196612842,0.504364187826028,330.838558872653,1.36003510558503,13.51
"6","20150508-37-890",2015-05-08,"37-890",0.662425857496113,3.42477166618952,1.87662589842011,0.555074872572495,2.27354460853072,0,28.0748041924229,14.4965648176547,13.86
"7","20150508-8-994",2015-05-08,"8-994",2.62223736086402,30.6440665648032,1.753705408027,0.924514014404471,13.8418238496683,0,0.229609399906674,0.0153388139483675,8.81
"8","20150521-14-972",2015-05-21,"14-972",4.09545556201171,175.327241307522,21.7738658833654,1.71684321334699,8.51851543394638,1.81907225436969,62.7281374250521,51.8573728953268,15.39
"9","20150521-16-970",2015-05-21,"16-970",14.3601482960323,90.4124862503054,66.4356093735025,3.19313819506484,18.1054359925134,12.2361829584431,727.322590175083,63.7621863869209,13.9
"10","20150521-3-996",2015-05-21,"3-996",4.14950841859893,110.116287741331,85.4666898614611,11.9540408519492,198.160706358083,8.44362709762103,372.751256793801,239.567453786205,15.53
"11","20150521-36-873",2015-05-21,"36-873",2.87001163514657,15.3496587010082,9.91719689358482,1.71813963685997,8.22868968220523,0.641824777656401,524.357001480121,36.9883472158641,15.36
"12","20150521-37-890",2015-05-21,"37-890",28.5832062277522,381.763614712793,489.825386315741,1.88536832100692,57.3110816405419,1.43821462832164,708.188298219569,756.286450212348,15.9
"13","20150521-8-994",2015-05-21,"8-994",5.0278389705919,58.974340457803,28.0117460505945,4.04729974644738,64.7420088794238,0,510.308933817059,33.3753265828268,12.65
"14","20150605-14-972",2015-06-05,"14-972",4.67197334033479,252.0320821295,381.105899745729,7.67272226868027,127.066474429281,3.09433326170223,1.95872179109756,52.1867011260533,17.64
"15","20150605-16-970",2015-06-05,"16-970",5.25368054759842,116.092302565112,142.683041979006,0.44791455398029,19.8218684050704,10.1381260940722,1.31671448480197,55.9211717667441,17.22
"16","20150605-27-918",2015-06-05,"27-918",0.929666363677114,3.15409438880694,53.6327563424798,0.523920349515938,1.4499645864357,7.18579422389969,81.8970594625497,159.394725806544,18.78
"17","20150605-29-905",2015-06-05,"29-905",0.396084971905848,13.3738919923506,49.4206704622617,0.340463785895249,0.344088491573258,17.8508721079488,5.02633508686219,67.1063823267896,15.95
"18","20150605-3-996",2015-06-05,"3-996",6.94039436826725,387.777720086108,394.447382719044,5.14286178203891,351.034940255765,14.2663137809094,15.8103983471962,30.0304015943786,18.52
"19","20150605-36-873",2015-06-05,"36-873",2.81349951243645,1.29418051061796,428.626952685751,13.3626187902131,84.1986059517227,30.5168982932902,29.8193597748227,201.516156543163,20.35
"20","20150605-37-890",2015-06-05,"37-890",10.0492493760214,144.791585401135,410.409247629831,3.48368841305761,112.57337044725,55.3868656922035,13.3391146373237,163.256750198852,19.86
"21","20150605-8-994",2015-06-05,"8-994",8.18249822388595,188.674990147592,461.656189678191,4.11825938169639,107.37271643609,2.91458902935112,8.5944582590413,48.2839220965657,16.46
"22","20150615-14-972",2015-06-15,"14-972",2.84327068570594,16.994422439854,79.4054224784583,4.12306177678327,27.2991203346233,0,6.80493698474367,9.54704823273003,20.87
"23","20150615-16-970",2015-06-15,"16-970",3.97135124759926,34.7291627960724,135.706800322547,3.17596329640395,45.4787829812922,0,14.7602207006063,16.9725301915201,20.14
"24","20150615-3-996",2015-06-15,"3-996",7.10766859898645,110.618197710067,198.546116269585,9.43918501244064,41.413462101914,4.77227929780327,9.29517764476737,11.6506351314672,21.17
"25","20150615-8-994",2015-06-15,"8-994",8.50849935804902,32.4360440936898,279.086902190979,6.35236552612094,69.9777116904374,0,4.50588413134609,55.7348282817344,18.78
"26","20150616-27-918",2015-06-16,"27-918",2.29217971522757,9.64097049128471,100.525651721422,0.30414442669837,1.78151070667242,0.385379857638072,65.4189867491878,37.5656070071324,19.57
"27","20150616-29-905",2015-06-16,"29-905",1.82963058069566,1.04453186547119,33.5391502866658,0.554129518738932,0.852413057574372,1.51820512945544,67.1431609758152,46.3075902586942,18.21
"28","20150616-36-873",2015-06-16,"36-873",2.22024448225925,3.17405108405562,166.376644740988,4.1522070597077,3.83634450136786,12.149967263437,75.0183834865637,42.2736137001944,22.13
"29","20150616-37-890",2015-06-16,"37-890",4.80695596016849,31.1754456411838,255.885335441517,2.3916025800134,5.11879543307463,3.92921436116164,30.4666118877231,182.812392502814,24
"30","20150630-14-972",2015-06-30,"14-972",12.0808031056893,150.646983446773,282.013089321805,6.11932007733194,246.58468395637,37.5299661730237,309.490874748957,683.228689429599,21.35
"31","20150630-16-970",2015-06-30,"16-970",5.27114573843636,40.0626199119703,71.492093448688,2.71411592108314,100.5158189138,2.98270536635713,63.277657034789,138.085692206875,21.38
"32","20150630-27-918",2015-06-30,"27-918",5.32471405990714,21.0974994201603,68.383222127276,5.40306665088716,12.9177702997925,25.2519798886048,257.19801948152,66.0042840781335,20.67
"33","20150630-29-905",2015-06-30,"29-905",2.48162169703983,15.8653495077765,19.1005682285457,0.529806863690244,0.831519953613213,3.50132145561017,32.5753124919239,49.2707803898934,19.31
"34","20150630-3-996",2015-06-30,"3-996",26.5254469100943,195.391965484897,504.588751259634,10.2420519945681,367.510192856981,0,883.918926236277,756.787169525253,20.71
"35","20150630-36-873",2015-06-30,"36-873",3.24465617725126,4.12751092811201,61.7283701200676,1.42162410020809,11.7322161270394,0.277610030161858,39.0496360109475,58.8536644165863,18.9
"36","20150630-37-890",2015-06-30,"37-890",3.17571324580185,21.6922602532503,214.37481129921,1.00564921877368,51.4372617093553,0,21.54977473015,176.753917455614,21.59
"37","20150630-8-994",2015-06-30,"8-994",9.14452640100664,239.858058561313,375.658148041562,11.2484218176257,535.363359121634,0,94.9575591028258,132.723999207464,20.66
"38","20150713-14-972",2015-07-13,"14-972",2.96505992517087,59.6832766865211,364.603111967869,2.88184812900096,258.505360001607,1.27884937853259,165.102094605476,78.9768428836179,22.2
"39","20150713-16-970",2015-07-13,"16-970",8.72046821650237,91.1572510643366,662.616277245852,0.682362455066099,177.095799926821,13.5751875755167,135.054995523749,75.3006621173073,22.52
"40","20150713-27-918",2015-07-13,"27-918",0.740015962438919,0.434584177521279,29.6388931850274,0.236629949176503,0.939951384231893,0.384867483152316,7.46611003079026,7.47214262548665,21.56
"41","20150713-29-905",2015-07-13,"29-905",1.51381450616208,6.59835908420581,30.2203967150996,1.02938079879675,2.75793472082486,29.7831505757226,17.1875596949036,58.4712990663905,21.83
"42","20150713-3-996",2015-07-13,"3-996",10.3644209044255,57.8934051473611,527.909138829991,9.10481731659893,201.830439258245,20.3337737147297,172.395917525543,63.0709973745966,21.96
"43","20150713-36-873",2015-07-13,"36-873",11.3457148108472,14.9953680182672,142.772147262332,4.37977812280361,58.3220114221247,10.533952488386,152.112344644528,60.7314390604088,21.47
"44","20150713-37-890",2015-07-13,"37-890",3.77652114367017,68.7550192215729,67.9478539264297,1.53939184621343,77.9075112023284,2.42164094806196,9.78693768578207,51.4784826290596,21.79
"45","20150713-8-994",2015-07-13,"8-994",12.0821219492513,97.006538057013,1553.39523341991,17.4512439840613,491.630391025151,0,262.473453325232,58.7510660475694,21.1
"46","20150727-27-918",2015-07-27,"27-918",2.79794130404701,3.76075962071768,171.857920404823,0.275096802896154,2.53854048440162,27.9977968435367,124.518730661685,95.853956034261,25.1
"47","20150727-29-905",2015-07-27,"29-905",0.709800374841888,6.87127464908685,73.1859999849885,0.254235321939171,2.10746488673562,1.18809252432028,17.5584018225139,11.7539987163468,24.77
"48","20150727-36-873",2015-07-27,"36-873",15.3533758304427,39.9846603616683,639.19534398922,4.35600815675842,38.3931445092929,17.9306505404493,45.6572439611853,96.01853331655,25.04
"49","20150727-37-890",2015-07-27,"37-890",3.6452526673404,3.79824815639182,338.534398544893,4.53080421817661,68.1545885739994,21.5617056770555,74.5796462704632,59.7667094765832,24.86
"50","20150728-14-972",2015-07-28,"14-972",74.0618364738833,1208.14530316006,1103.44518737707,15.5880778133173,2811.66568057853,37.8143602925752,726.045954985593,154.22154837487,26.73
"51","20150728-16-970",2015-07-28,"16-970",14.9397775890556,417.926469047517,434.818132100277,2.25545672538509,751.37925622171,17.9591788084869,103.074404060126,122.967347541424,23.08
"52","20150728-3-996",2015-07-28,"3-996",58.1757916680948,449.798910699337,269.927218964884,25.7924523762009,592.242305095162,0,2129.95349828478,244.042889736058,25.44
"53","20150728-8-994",2015-07-28,"8-994",28.3760905175514,302.927975202982,85.0092289635792,6.90395606853234,538.524659250319,3.54288199345448,477.002277214682,75.3787262497117,24.95
"54","20150810-14-972",2015-08-10,"14-972",26.6451236709127,233.095326627559,128.616407219492,1.45794444526609,337.736314246617,0,3.35620102511034,0.59950067395479,24
"55","20150810-16-970",2015-08-10,"16-970",67.5226721259675,368.810864940178,147.748570651148,6.82613332521737,482.077697122049,0,212.836993847133,1.08263635222794,24.6
"56","20150810-27-918",2015-08-10,"27-918",2.77610044518237,59.9695033231842,214.796911990995,0.342771424956601,26.8652245811956,0,11.0578761430559,58.0345896323552,23.8
"57","20150810-29-905",2015-08-10,"29-905",4.36442390031708,22.9838195241619,225.622062153577,1.43749147324989,202.110431362304,1.74562576005297,67.1228117088477,152.913733548468,23.4
"58","20150810-3-996",2015-08-10,"3-996",74.3014386190084,487.11613822807,29.0478063055434,20.3167262920412,888.213038512052,45.6081819044786,1080.73177352554,115.956051409676,25
"59","20150810-36-873",2015-08-10,"36-873",11.497093337991,102.604283045063,325.522030542038,0.696831522522593,254.594197557779,0,1.11545802818427,6.19791465996337,24
"60","20150810-37-890",2015-08-10,"37-890",10.2316201091978,85.6714372781542,91.8780174636243,0.371204736887576,93.8620452152927,9.264974024873,1.6785606782089,4.02404561969654,24.1
"61","20150810-8-994",2015-08-10,"8-994",76.1502248091844,847.261370151002,147.809476541409,13.5234119167625,475.409450464274,0,1005.53667880494,187.361592983635,24.6
"62","20150825-14-972",2015-08-25,"14-972",13.767580101762,397.434410835877,197.849018835835,3.06429823836542,93.3575160446593,0,507.337746431843,76.7960363336086,23.05
"63","20150825-16-970",2015-08-25,"16-970",24.6202147597947,667.27573634041,20.9366833317026,4.87252592912872,40.1775543712419,0,411.381691174511,86.649616964013,23.21
"64","20150825-36-873",2015-08-25,"36-873",32.6838997643624,373.186743750284,39.7012954488315,13.132984671255,187.428757748294,1.47229309837204,4.86008353439416,0.18251070813594,22.52
"65","20150825-37-890",2015-08-25,"37-890",15.4889912650411,570.198688243443,197.0065892984,6.37019902602769,500.43668783462,0,58.9236035753308,0,22.55
"66","20150825-8-994",2015-08-25,"8-994",16.5969393899224,666.576139811344,28.0775945370345,2.66046520371521,66.7305178497476,0,529.988231968711,11.8004277958793,23.17
"67","20150908-14-972",2015-09-08,"14-972",46.3851678123134,487.623713884818,88.1961149296338,5.25639779175242,260.979994236024,0,1765.45727397374,72.3537363396036,23.78
"68","20150908-16-970",2015-09-08,"16-970",85.9027869208841,242.12932149754,6.80724891234473,5.7388685788986,38.0925239620185,4.69346225015883,1026.6404923566,44.2716366493209,24.4
"69","20150908-27-918",2015-09-08,"27-918",2.45765694396505,38.5819994585654,26.5197028479486,0.262943450184416,5.15619620950979,2.06570723013917,87.1609517492205,57.5650973230067,23.65
"70","20150908-29-905",2015-09-08,"29-905",1.17109516132666,30.6024111853181,32.7435708745558,0.719178868066914,6.10443824233964,23.7813571638715,29.0880920850815,367.371123839621,23.97
"71","20150908-3-996",2015-09-08,"3-996",30.3829126900066,162.548674110066,31.8431134289359,1.30861523392242,25.6057562155184,0,1765.09206868099,101.989992917362,23.25
"72","20150908-36-873",2015-09-08,"36-873",19.7170651097595,1486.98667232383,273.365860909293,8.41517769063317,1274.69446831383,5.91893359664108,299.944041127586,4.27799024618224,23.98
"73","20150908-37-890",2015-09-08,"37-890",51.1458633930064,1376.89507182041,458.069931527498,16.9540873588231,957.078742287321,15.6027528975915,243.793717619712,1.49875168488697,24.71
"74","20150908-8-994",2015-09-08,"8-994",53.3663782441326,408.509506086571,58.0140332139696,7.56041656698201,43.9658354723764,7.57965188275952,1097.84463392104,46.7610525684736,23.87
"75","20150922-27-918",2015-09-22,"27-918",1.47361870594233,18.0657514575726,17.7126670421449,0.119556446447513,1.85341340693061,5.28256049880862,76.53579287617,36.425660949493,19.27
"76","20150922-29-905",2015-09-22,"29-905",5.55486464994689,99.4897996083769,129.608023796871,0.670543973913276,21.8130475206545,9.95529258946061,295.798880586518,46.9883725266275,19.89
"77","20150922-36-873",2015-09-22,"36-873",1.6766131739203,13.5170823006115,392.625752573951,4.17054962551599,342.614071790588,0,188.069671953028,13.2521201611059,19.8
"78","20150922-37-890",2015-09-22,"37-890",3.44153555420745,0,289.844147887797,3.31090606398235,180.163133753116,10.2603604137761,158.146312213293,4.69526962265411,20.43
"79","20150923-8-994",2015-09-23,"8-994",36.8091631484947,1042.92344986111,78.3758751688775,20.7040532934303,95.8036386254127,9.8727348252909,617.888203283023,28.3034332783911,19.88
"80","20150924-14-972",2015-09-24,"14-972",10.6287007673127,126.181196962639,41.6219990485685,1.80734879719931,110.639505077961,0,216.445766503652,14.3684672398947,20.05
"81","20150924-16-970",2015-09-24,"16-970",19.0172658974656,729.724974675553,91.7197792376333,6.5521264904404,54.239872087003,0,242.562561533631,155.341801752895,20.06
"82","20151005-14-972",2015-10-05,"14-972",3.24523539492678,218.315264129557,352.778042553776,1.88127659886893,82.8391300587803,0,8.645155238541,27.8919202448057,15.95
"83","20151005-16-970",2015-10-05,"16-970",8.21919361386982,311.780128267942,187.53672632304,2.62893332930853,149.238977626381,0,119.073332924566,16.8014471969021,15.91
"84","20151005-27-918",2015-10-05,"27-918",19.9164893573542,342.117115359046,143.862790478064,10.5428665135958,376.247033816212,0,708.077323983701,33.4881076471146,15.82
"85","20151005-29-905",2015-10-05,"29-905",11.7819270775894,189.814096243559,453.719473088405,8.47843281891688,643.479835800603,0,133.283160246626,36.0517905291903,15.12
"86","20151005-3-996",2015-10-05,"3-996",26.1186087510847,610.142739835572,315.295204176377,14.0272764884578,244.148994132713,0,199.23921430602,67.4438258199139,16.58
"87","20151005-36-873",2015-10-05,"36-873",1.05840978247012,38.6737806806844,20.4125626399321,0.45595127603953,34.3051512275105,0,9.70795034587321,7.16763005780347,15.05
"88","20151005-37-890",2015-10-05,"37-890",8.14397844632413,414.506002019957,392.346546510815,10.4776126678616,375.762284067268,0,131.413440204943,69.1337975473554,15.71
"89","20151005-8-994",2015-10-05,"8-994",10.121292949932,169.302408605746,315.018947275914,3.52139242446097,104.944654917057,0,106.922907875344,47.2508573744282,15.58
"90","20160503-14-972",2016-05-03,"14-972",1.78842197075104,32.7351321138801,1.45787649767898,0.210186535970326,12.888360508825,0,38.4492833178825,21.9012849763129,9.487
"91","20160503-16-970",2016-05-03,"16-970",1.74745745095639,16.3254404692276,2.47976060266215,0.0633932032288059,18.0789510416815,0.103231723510285,7.05655907020448,13.3645443036138,9.189
"92","20160503-27-918",2016-05-03,"27-918",0.159056015547457,0.82326589952304,0.297769443065663,0.0901843184531097,2.11032391609008,0,0.195950139124592,0.472038110662199,9.69
"93","20160503-29-905",2016-05-03,"29-905",0.200366584426714,1.96972700405451,0.389947644404542,0.19848716858461,3.43948839746066,0,8.4489353649988,49.0772103896746,10.218
"94","20160503-3-996",2016-05-03,"3-996",17.3364738795837,108.034842710272,38.1699337779431,3.76594178490989,64.9605911408167,0,176.767608398424,433.026830555969,10.379
"95","20160503-36-873",2016-05-03,"36-873",9.55253979569646,36.3288645260934,19.9565613732797,1.11162143478845,49.8186550926205,1.03295709016989,185.637547210678,181.918479511581,11.805
"96","20160503-37-890",2016-05-03,"37-890",2.0429316671582,45.6139149000698,5.12820608096753,0.347500872247325,17.4267330082246,0.761518047574954,0.707441012034493,21.9332941885178,11.7
"97","20160503-8-994",2016-05-03,"8-994",2.96931507756539,14.0961623968155,2.31818305572137,0.380037657082986,5.15537588676896,0,31.0932085115814,131.041134745766,9.247
"98","20160517-14-972",2016-05-17,"14-972",3.98839941919795,53.2832646069661,5.83900602190093,1.00655052371218,7.03473684184962,0.228998345071514,19.5275818656848,87.3964072504772,11.98
"99","20160517-16-970",2016-05-17,"16-970",4.71549762116298,29.0456498917718,3.71865641637322,0.292225159715098,1.40968650938735,0.265964265437833,1.25667050465426,6.33787185102204,13.19
"100","20160517-3-996",2016-05-17,"3-996",22.8344967646614,201.890829277612,55.4784257338708,1.37787473528429,145.392741304977,0,43.280553637798,1.53871839648396,13.05
"101","20160517-8-994",2016-05-17,"8-994",6.60183741349213,66.0976322302287,4.03384200298858,0.491087749626819,8.24792729962753,0,13.2520663890622,2.35667624912253,11.3
"102","20160519-27-918",2016-05-19,"27-918",0.15965519165852,1.0758827554366,5.24204558605283,0.0775659162838576,0.51771346353983,0,6.89952669218874,0.569041761208404,12.12
"103","20160519-29-905",2016-05-19,"29-905",0.4598466307193,1.98003402127555,5.94472432350211,0.175979053348609,2.01151155746521,0.0506945610420488,22.4456680037311,51.5395687427075,12.64
"104","20160519-36-873",2016-05-19,"36-873",9.52907301020751,57.9083473819881,44.8707209917467,0.923489604564905,5.74514694312631,1.1987676245338,79.9169343808683,7.99544583053388,13.5
"105","20160519-37-890",2016-05-19,"37-890",4.59673502397601,209.748340011049,105.682759899509,1.08634627757433,4.73035442288148,13.9193507000338,3.67468128159062,2.99750336977395,13.5
"106","20160531-14-972",2016-05-31,"14-972",74.3452640316122,205.806743972654,213.654173586407,1.89699737119586,20.8209345333216,0,6.66450378798221,10.9535885851401,19.4
"107","20160531-16-970",2016-05-31,"16-970",62.1056411947499,772.198789946521,194.699996714689,9.89645032880383,174.453799691789,0,8.67236620103104,94.4213561478794,19.2
"108","20160531-27-918",2016-05-31,"27-918",1.44179662850699,16.9317894237239,103.351403073407,0.447951888343958,4.0632144825517,3.33467140384805,10.8322793024032,56.2198936368243,19.1
"109","20160531-29-905",2016-05-31,"29-905",0.664872255588687,4.28881871135026,21.7467021319823,0.105918091179884,1.45448514463572,7.72429190619542,17.376523505614,40.042925490451,18.7
"110","20160531-3-996",2016-05-31,"3-996",20.8645521949321,108.567373727039,234.692113471469,3.95154328956883,124.068465647216,5.72350620278171,4.15366045601646,29.9812141170586,18.2
"111","20160531-36-873",2016-05-31,"36-873",5.9160804709918,30.014291849128,99.1919541785932,0.804483945580995,19.2669095746131,0.190891079532074,31.209942872338,26.2159553439009,20.5
"112","20160531-37-890",2016-05-31,"37-890",6.95906013578677,38.7418271458791,58.0897851213607,1.11230163090521,27.1171094445822,4.37988376323587,0.648736670578206,17.3303353822328,20.3
"113","20160531-8-994",2016-05-31,"8-994",13.6346919365552,283.765347100543,157.638923270503,5.80441311863952,107.300379651783,1.25255786066614,7.73655744103489,40.8045989269292,18.7
"114","20160614-14-972",2016-06-14,"14-972",5.37742300983622,21.9954417649806,140.745393974422,1.67440363804513,45.5932129018225,0,10.8552899933441,27.8856228955999,19.9
"115","20160614-16-970",2016-06-14,"16-970",10.2631552727592,43.949793647223,199.675375443791,6.20610969801973,101.339039679057,0,3.74457892100668,55.4601228742281,19.5
"116","20160614-3-996",2016-06-14,"3-996",2.6560168783492,12.0380866363861,292.08739940179,4.07473014445187,20.12436317639,1.49394245318186,27.9089822735607,16.6029498729828,19.5
"117","20160614-8-994",2016-06-14,"8-994",9.61154563955249,13.4283487544335,113.113995165541,0.608372805627126,48.9554884292605,0,50.1657043887138,4.3675076632279,18.2
"118","20160616-27-918",2016-06-16,"27-918",2.04622566809059,9.25388017354502,50.1415791950653,0.0714159673573925,9.58398198726662,5.00549692678073,25.3836163334995,45.9773614159599,19.5
"119","20160616-36-873",2016-06-16,"36-873",8.46382657368407,0.774217405652166,224.840915902147,0.769312561049285,9.90085018735554,5.55424497062262,265.292800211781,35.67029010031,21.7
"120","20160616-37-890",2016-06-16,"37-890",3.70164711611092,9.60487866998149,97.3997086569557,0.601052395523574,4.04218832428811,0,35.027495621181,0.82914810954231,21
"121","20160629-14-972",2016-06-29,"14-972",5.98868970688426,20.2631523400177,912.06177308084,0.858378014908437,12.2875095348883,6.68587412601337,148.413795538115,13.8237802464869,22.6
"122","20160629-16-970",2016-06-29,"16-970",9.06416937157502,3.85810708979584,759.993433042772,1.77695910074742,312.448337790564,16.3361639126818,37.6588137532893,9.95661095277318,22.3
"123","20160629-27-918",2016-06-29,"27-918",3.34158778848198,10.9289513894463,156.330400745251,0.275192517113933,10.7555738601411,3.47343306185407,21.0848301488095,26.3386421701181,21.5
"124","20160629-29-905",2016-06-29,"29-905",2.13267229665397,11.8860017123038,336.907806258892,0.339142088061728,0.689418020226289,7.58689005814659,5.4618812350296,9.40707818057462,21.5
"125","20160629-3-996",2016-06-29,"3-996",24.3899812547109,2.61548027808805,501.523682208414,1.56092403691159,645.756800399247,0,35.0510489724972,11.0690414292522,22.4
"126","20160629-36-873",2016-06-29,"36-873",5.6516219442533,1.65217223771747,533.127048839157,0.368966825327787,11.1009236359531,0,221.182112333997,118.822380770365,23.2
"127","20160629-37-890",2016-06-29,"37-890",9.15802213204788,8.2436981809617,776.600914799538,1.92702902156809,12.969137501108,0,256.844276230344,111.765263292847,23.6
"128","20160629-8-994",2016-06-29,"8-994",12.8632608225169,94.1953377152014,415.462056444042,0.585513994961687,118.615713069695,0,122.085306309307,1.63897823737855,21.9
"129","20160727-14-972",2016-07-27,"14-972",8.4932751453736,338.204856218724,207.764539422908,0.35653018406988,138.558366255553,38.4859868792585,360.110513242324,21.568521994941,24.5
"130","20160727-16-970",2016-07-27,"16-970",17.1555453887078,403.768728110457,554.874663028534,0.415386396599614,84.6541919641518,31.2380492549481,182.883772556679,19.4218400157254,25
"131","20160727-27-918",2016-07-27,"27-918",1.88213072468486,18.9218350466866,58.7370740301208,0,4.5816798851126,20.2814393698681,306.300530916557,36.7762197966277,24.9
"132","20160727-29-905",2016-07-27,"29-905",1.55716035037938,7.77517178722987,29.1202642887899,0.038226711108039,9.3030798486637,56.7533246802791,440.912033632128,109.474036113483,25.1
"133","20160727-3-996",2016-07-27,"3-996",4.72024801019642,32.094074702939,34.6873293939366,0.153279498162214,8.75844416592407,34.2056230704503,1133.55521023631,6.65589419275296,25
"134","20160727-36-873",2016-07-27,"36-873",5.61602176674622,8.47576640883646,25.3898285004317,0.0568221268113141,23.6800170642232,1.01088669984646,268.576178571972,38.6108624708307,25.9
"135","20160727-37-890",2016-07-27,"37-890",5.88357934061305,16.7978338425062,50.2115680687624,0.208072897761951,61.2277161457815,5.7670905221231,610.15428247196,109.050775535355,25.9
"136","20160727-8-994",2016-07-27,"8-994",17.3612540987194,717.134861620388,194.892826543721,0.318936225336168,170.662391066309,13.8562293755424,636.953777531102,8.615948748494,24.7
"137","20160809-14-972",2016-08-09,"14-972",9.50980007235327,454.081984929699,163.323807260271,0.0775737247860673,7.27957167117056,3.1523438933756,44.1780298296475,104.969635669231,25.4
"138","20160809-16-970",2016-08-09,"16-970",32.5568357097476,509.312065142245,335.955454343391,0.0793985403421584,115.831648213509,0,212.259795772278,43.6840973021514,25.6
"139","20160809-27-918",2016-08-09,"27-918",4.3468726702143,38.7816630500333,42.7978990200472,0.0931707971461854,6.23679199160183,12.8759797753146,210.654552031355,68.5890983338369,25.3
"140","20160809-29-905",2016-08-09,"29-905",1.94417968115592,13.5397971082777,6.29403202677616,0.0271877435440693,2.27802450669427,3.09974879917983,135.822958641115,4.26644646297826,24.8
"141","20160809-3-996",2016-08-09,"3-996",30.0137216609006,446.772286602951,52.4305961803479,0.108958514203331,136.261936212881,6.89226467878172,288.539925335077,50.641027032097,25.6
"142","20160809-36-873",2016-08-09,"36-873",16.5814503712339,332.440102695999,111.712016974659,0.576984420786964,387.585793095022,5.31571258339443,187.977183197737,4.06536394525592,24.6
"143","20160809-37-890",2016-08-09,"37-890",34.1568597802428,444.058200686381,83.5504823160776,1.70640062733907,686.855321258572,19.2437818179231,340.765796387318,8.30178107193916,25.5
"144","20160809-8-994",2016-08-09,"8-994",29.4677102331848,565.784966928842,458.224200647682,0.273505444036146,71.3456130720797,6.10077081143437,443.605161514363,49.2523906985612,25.4
"145","20160824-29-905",2016-08-24,"29-905",8.30812068039574,883.991238622727,266.04796215846,1.24156393511393,243.199908160896,2.20113520814545,60.8985828767212,1.03678351848652,24.5
"146","20160824-36-873",2016-08-24,"36-873",20.2305814555544,345.420967283359,196.532756499547,0.125363825493585,204.89247493093,0.852021628070742,114.112022319716,9.10469736994497,24.5
"147","20160824-8-994",2016-08-24,"8-994",22.4595549581585,191.735568485751,50.2633157721701,0.0903176172301047,6.46694414221932,0,296.839426798001,5.6041373273887,23.7
"148","20160825-14-972",2016-08-25,"14-972",30.729661136488,509.363554454897,79.296728784368,1.55928292502909,112.286024708148,19.5404875240142,642.326060055407,40.3373587661161,23.6
"149","20160825-16-970",2016-08-25,"16-970",23.9944287170835,139.639266866125,64.340131737601,0.323689334501653,16.9251697923853,3.35709231258957,510.033360604136,61.0069470180222,23.9
"150","20160825-3-996",2016-08-25,"3-996",27.4324621946175,300.702229128434,66.9928021804077,0.259845020113977,114.794405172619,2.64368576164666,512.555671373069,10.2369281749553,23.3
"151","20160906-14-972",2016-09-06,"14-972",26.4664785158528,366.644380726851,21.5703066618104,0.323094890873065,58.6489732033406,0,154.705474425225,83.8796300564326,23.8
"152","20160906-16-970",2016-09-06,"16-970",37.8683820187375,509.011009794652,66.25877295636,0.636748326908748,33.1654850983666,2.46738099421647,179.339591821806,50.2476222775265,23.3
"153","20160906-27-918",2016-09-06,"27-918",8.3573482506042,39.3470003930129,130.032711058026,0.355107719726815,44.9712037690926,6.51306401309836,286.107278488592,68.7581157589686,23.1
"154","20160906-29-905",2016-09-06,"29-905",0.827960963127655,18.0192366238479,13.8047703935667,0.030682810655647,0.289651311811954,3.76627394518106,196.812527397519,8.88430754865684,23
"155","20160906-3-996",2016-09-06,"3-996",37.0171811292087,373.709937406539,24.1808167290787,0.158691168924257,73.9688048768726,2.19858705343564,217.420779065809,73.2429956726365,23.3
"156","20160906-36-873",2016-09-06,"36-873",11.159591369835,79.7651359859175,231.405978011331,0.549650700441065,252.705810407496,0,49.4132790043905,1.83597081398654,24.2
"157","20160906-37-890",2016-09-06,"37-890",19.113792682717,806.404574778724,321.271273106268,0.394447217307172,199.457849152803,6.61132928949988,108.911292171896,2.4894519511682,23.8
"158","20160906-8-994",2016-09-06,"8-994",42.0364293103447,668.357079415181,158.982531290053,0.238238728583004,28.4470963315109,2.50476420799919,241.82603704831,87.1790012318772,22.9
"159","20160919-3-996",2016-09-19,"3-996",32.2646120631208,32.1314472215162,3.54079983693661,0.530962406319057,5.56045342067118,0,327.083288971244,2.34184618027183,22.4
"160","20160919-8-994",2016-09-19,"8-994",56.4303984264191,156.903845256518,77.0721657086754,1.10862348449227,12.4640027019206,0,521.888796539327,0.398162345201901,22.6
"161","20160920-27-918",2016-09-20,"27-918",2.44278888987839,45.1597570237598,47.4030465011998,0.0455276791662661,52.5712793519214,11.7479167199068,96.9889706557228,41.571762179733,22.1
"162","20160920-29-905",2016-09-20,"29-905",0.191511510078173,5.48178331440361,11.281609120914,0.0139354606153122,0.610041653453547,15.7144245236214,71.2542922631817,22.3704327640245,22.1
"163","20160920-36-873",2016-09-20,"36-873",4.52489420105025,308.678996135421,40.7993698452312,0.0664907132364204,146.526983864026,0,18.8115943322305,5.34526857894885,22.8
"164","20160920-37-890",2016-09-20,"37-890",5.5313931181172,189.090876809771,57.2015829919847,0.023435890883604,85.6226558538359,8.17997743608583,85.1648430535951,10.3005115797687,23
"165","20160921-14-972",2016-09-21,"14-972",30.7122354408272,260.873426889427,25.9304245890677,0.0893065991267826,25.0980746895089,0.99406331359977,166.785234257029,82.4268687831571,22.6
"166","20160921-16-970",2016-09-21,"16-970",39.4102938229196,479.988213861138,36.7272062671841,0.183015105573354,5.87980347492158,0,766.867633112044,38.054667780812,22.6
"167","20170508-14-972",2017-05-08,"14-972",1.72461511842312,14.2084742085113,2.74474931964164,0.341637206680597,3.67023807075062,0,15.3215220013472,5.38790264241124,11.7
"168","20170508-16-970",2017-05-08,"16-970",3.77965594168615,20.1351403247116,4.79247473239124,0.141478070755206,7.36384872235118,0,36.4191349085721,8.50855196614028,11.8
"169","20170508-27-918",2017-05-08,"27-918",3.83568253480132,36.6058152394339,4.26953561937226,0.480502883899949,20.345325446438,0.217173958977311,33.2230762051167,8.4405811487659,11.24
"170","20170508-29-905",2017-05-08,"29-905",0.847555031099086,16.1013220491246,1.66516850143933,0.0448202188033736,3.89968930766079,0.0785476853396959,24.5944251501815,14.3689827006029,10.79
"171","20170508-3-996",2017-05-08,"3-996",13.458030528024,50.124231865927,49.5531804867542,4.56754091540364,212.616709659265,0,345.150179216322,54.3447360940017,11.54
"172","20170508-36-873",2017-05-08,"36-873",0.863487640797546,12.8924639594246,0.873829073226262,0.0235431796465669,2.03630744093289,0,11.079299416592,9.69645827138549,11.36
"173","20170508-37-890",2017-05-08,"37-890",4.60841913389753,44.638116598784,8.49536532722523,0.722009902014324,14.0935133439513,0.738103388932901,41.8471763037754,43.1658139255025,12.05
"174","20170508-8-994",2017-05-08,"8-994",3.79129625532512,52.5759668401069,7.82180291284755,0.700929222289348,25.7964744645275,0,100.015853462267,56.568883594374,11.26
"175","20170515-14-972",2017-05-15,"14-972",6.50766584396015,39.6196793389314,10.0825191543094,0.586782269441837,14.2366906096991,4.40572177990328,134.052390241053,7.85656944551223,13.62
"176","20170515-16-970",2017-05-15,"16-970",5.82018350904546,37.3713855896927,5.91257936826137,0.435611022405629,11.8437152649841,0,126.097464423015,5.13385483686705,13.3
"177","20170515-27-918",2017-05-15,"27-918",2.17892128288676,9.45263123988147,7.41321424086869,0.196142019648302,5.72787974859251,0,94.492036828055,55.4396423248882,13.32
"178","20170515-29-905",2017-05-15,"29-905",4.72612406128266,52.4824136611125,6.79008063844181,0.29047377305073,15.5175063927808,0.999451858547439,61.641210742888,350.904094484119,13.1
"179","20170515-3-996",2017-05-15,"3-996",8.35459537662177,9.22241519276242,141.349977185287,1.02353858048261,293.174012168798,1.39177260961413,207.97180175333,57.7636531728203,13.89
"180","20170515-36-873",2017-05-15,"36-873",9.12769753562226,21.743576935935,35.4605621801056,0.561061439872223,23.9533849887645,0.492651568619888,279.688805931228,31.3225160265239,14.25
"181","20170515-37-890",2017-05-15,"37-890",5.48791267658996,38.5596164876675,14.8469488853167,1.40783230109831,24.9203613601322,1.64478264710602,33.7210736819897,29.9297883638561,14.36
"182","20170515-8-994",2017-05-15,"8-994",7.87838692584335,28.8583811439682,12.7690506954037,0.758138897160089,28.0786632810666,0,98.3006896164455,24.6484357555895,12.71
"183","20170530-14-972",2017-05-30,"14-972",12.1757320841401,157.545027746864,243.884458107851,0.64541339022008,119.452562691113,0,16.9227240828558,102.686645874447,17.63
"184","20170530-16-970",2017-05-30,"16-970",28.7591463680257,412.001632296748,110.522072628211,3.63510884706799,167.916214122711,1.67027201229896,38.2229820553046,86.2770284735603,17.382
"185","20170530-27-918",2017-05-30,"27-918",2.0703188802762,1.70080648575276,146.964634018271,0.405776011626902,4.91899951324294,0,57.3511383019047,100.863646593386,16.973
"186","20170530-29-905",2017-05-30,"29-905",0.166301127104895,9.67288915938153,206.276320414467,0.0481856542270937,0,28.795578076816,11.0000835382306,9.71131930556041,16.747
"187","20170530-3-996",2017-05-30,"3-996",23.6989999748581,157.686992434797,348.920387877404,1.45422796350245,200.120853724025,0,134.091358294207,133.119504082467,17.084
"188","20170530-36-873",2017-05-30,"36-873",3.49218689898195,5.79181694341139,41.1443870320757,0.699961533533311,7.53853050048963,0,1.40898064496648,27.6203911135586,18.631
"189","20170530-37-890",2017-05-30,"37-890",5.19516143352155,16.0928406925535,18.4102754984981,0.468099303831021,14.8977798864216,0,0.634606840521553,30.6772033493895,18.028
"190","20170530-8-994",2017-05-30,"8-994",22.264487517928,335.235799218492,193.666701472655,1.45823611104129,129.403854699829,0,2.09845169458773,82.3303142502343,16.696
"191","20170613-14-972",2017-06-13,"14-972",6.7651636470317,65.1675960231846,282.195879103175,0.495076981508521,46.4208787898227,0,3.2992643690043,27.3312169324743,22.755
"192","20170613-16-970",2017-06-13,"16-970",6.48397294333854,97.164863680394,133.530893063387,0.442475919032358,26.2133789797615,1.38785326289596,1.63670192216577,11.4960018660388,21.529
"193","20170613-27-918",2017-06-13,"27-918",0.40069318349796,0.0854814170278416,105.791249243698,0.576458745556704,1.19830587125494,0.702720384482907,1.30581174409517,15.4059380605811,20.98
"194","20170613-29-905",2017-06-13,"29-905",0.334921424138576,0.174648709129449,90.6155505489144,0.0572638243656588,0.282033036928062,16.1534955494676,2.74372087045426,7.29613368991272,21.462
"195","20170613-3-996",2017-06-13,"3-996",5.27741535450274,55.2237194485893,108.109438069205,1.43705652285264,18.1105402890475,0,5.86054715878581,4.58992703496636,21.539
"196","20170613-36-873",2017-06-13,"36-873",1.42016904320153,5.11055032009637,148.786242147185,0.172915762842376,0,36.7893601857646,4.32765287291655,30.5674721909802,22.295
"197","20170613-37-890",2017-06-13,"37-890",0.857960834257063,8.79742965123401,115.892526776816,0.285532831397956,0,35.5176675743403,0.600282036840361,11.7629298904766,21.073
"198","20170613-8-994",2017-06-13,"8-994",7.47716071048129,32.8269182269286,70.0712542298968,0.273340122623314,2.15576657018271,2.87407120098979,6.54837465246599,0.888943227679867,21.713
"199","20170706-14-972",2017-07-06,"14-972",8.42181799420217,38.8324673782713,61.2369324558233,0.470590537574398,18.3644170151541,0,687.756984588415,16.855629138563,23.19
"200","20170706-16-970",2017-07-06,"16-970",13.4170162352209,220.55724714419,154.382581030657,0.133712189080541,22.4147717626632,4.07362027274282,67.6875466845393,17.0589191016159,23.336
"201","20170706-27-918",2017-07-06,"27-918",1.70725365850519,2.53115840734019,51.2624296809416,0.067737435525568,2.42333074289636,0.623969758928564,26.1659597211498,40.7961197901274,23.461
"202","20170706-29-905",2017-07-06,"29-905",1.20688817183642,0.35807442353579,62.7084381572049,0.0349066485429716,0.357719884450332,1.29860410923577,15.6593680714752,24.3661292134373,23.69
"203","20170706-3-996",2017-07-06,"3-996",3.31752377844156,10.1203835156113,22.4657713307426,0.0253752310712591,0.594615566895315,0,409.437231069501,76.6378434856121,22.993
"204","20170706-36-873",2017-07-06,"36-873",2.15999707602605,2.38968560324881,336.570584098587,0.436642127703526,18.2003908179422,6.09855781135207,36.4404013603293,132.889316059978,24.265
"205","20170706-37-890",2017-07-06,"37-890",1.44496608527115,5.67821302054938,56.3627617835835,0.00981224666336867,4.57642450933807,0,38.4414856569509,64.8559254245794,24.12
"206","20170706-8-994",2017-07-06,"8-994",11.5659992897091,15.0695878040224,67.2565934670309,0.0106081085383421,3.36472364773928,0.179767199226491,722.36944753854,23.5004264190278,22.828
"207","20170711-14-972",2017-07-11,"14-972",5.9808842555979,108.020748609474,357.033264129125,0.581332751897154,63.5268837310107,11.5728422839127,461.926292091595,146.268214226314,22.26
"208","20170711-16-970",2017-07-11,"16-970",4.53422244283143,14.6911688290939,12.6098394566058,0.125176281119884,0.4741734330145,0.192977986533615,152.045660296346,17.3550364595726,22.64
"209","20170711-27-918",2017-07-11,"27-918",0.757983976956992,4.77921691183248,107.671855382246,0.0542034127619103,2.3173218321686,12.1482069661233,8.93360857652013,7.25092270840255,22.92
"210","20170711-29-905",2017-07-11,"29-905",0.669062794837284,6.02146600054122,252.753436608942,0.137043989882174,0.216121881531169,5.19819585967664,12.6554025596297,15.0824473778549,23.16
"211","20170711-3-996",2017-07-11,"3-996",6.73764494748224,66.0465279128557,69.7935359776496,0.265935206288642,12.3940777186211,1.0161426638133,712.799317105623,66.8021380614956,22.42
"212","20170711-36-873",2017-07-11,"36-873",0.470051793910195,0.711968542558697,313.304425606447,0.162128506407045,9.41243533547349,0,17.9501271967869,20.3369074780048,23.7
"213","20170711-37-890",2017-07-11,"37-890",1.10853590547363,4.33499287991226,259.824625994336,0,9.62177008069726,19.2421032165716,12.6931400616609,54.6919014842828,23.54
"214","20170711-8-994",2017-07-11,"8-994",9.51504408659838,26.6239386598291,166.907738533571,0.0255884645120652,2.72554469644586,0,351.242083112028,14.9757619336942,22.16
"215","20170726-27-918",2017-07-26,"27-918",0.122749401904675,1.93573361060289,114.977873728927,0.0546942470239005,2.25734142803907,25.4697178114483,1.58247833250142,8.27005452007187,24.3
"216","20170726-29-905",2017-07-26,"29-905",0.127624756074197,0.981590284236612,30.6789657306692,0.0250413427379585,1.14471039163645,2.78798568649439,8.78042680323897,11.5956051409676,24.6
"217","20170726-36-873",2017-07-26,"36-873",2.53766611014036,20.3410266695821,135.882723009024,0.105682284310551,7.07289661050671,0,79.5250706126636,16.1234128626788,25.2
"218","20170726-37-890",2017-07-26,"37-890",5.68386647961466,53.5274763434207,254.490401378262,0.290991547292328,68.140806109737,41.042069928567,102.660148679959,115.342166431625,25.5
"219","20170727-14-972",2017-07-27,"14-972",19.1966002187781,133.025013195378,98.2011842540224,2.61682031611667,142.669168707673,7.79749369776219,396.881613443255,180.843125177675,24.5
"220","20170727-16-970",2017-07-27,"16-970",13.0149224151284,43.1510736540151,34.8152236758967,2.1802645347184,23.2038797329267,5.01261030249192,193.740957857242,47.0901401724743,24.5
"221","20170727-3-996",2017-07-27,"3-996",11.287530027071,39.2998706011767,36.7560552720853,0.915780168397561,110.993114738962,21.2891179965055,338.331773398878,11.3379250267239,25
"222","20170727-8-994",2017-07-27,"8-994",25.0872556226855,150.930461229871,126.114462371714,2.26670655242495,227.258304218777,16.310892139848,709.595862940605,18.5469051640366,24.5
"223","20170809-14-972",2017-08-09,"14-972",34.6346798159066,132.208091793488,48.711979920729,2.29305955191016,62.3756286939006,20.7362673528838,114.794876821473,15.775749216477,23.212
"224","20170809-16-970",2017-08-09,"16-970",12.4763787949696,153.264793260013,24.8937923942805,0.666896337751702,131.376650395238,3.54091003540842,129.391991302049,46.5643124092191,22.992
"225","20170809-27-918",2017-08-09,"27-918",2.50456532719267,48.4905149045267,153.842136612772,0,17.8585907133358,9.7226405265282,8.74247945281238,29.92695087918,23.405
"226","20170809-29-905",2017-08-09,"29-905",13.7150557254084,186.259403734757,810.092532148415,2.50167093858169,348.50699339004,16.3737907488264,26.929457705314,90.7572438197527,23.501
"227","20170809-3-996",2017-08-09,"3-996",37.629233447878,165.164917252396,11.531806642042,1.38048027734242,28.6922780053478,5.90073004593072,80.6656424664774,9.13593132318663,23.453
"228","20170809-36-873",2017-08-09,"36-873",8.73149079558068,132.946139693961,440.101425575115,1.8265025714144,165.510186285557,0,22.3086317702481,10.3273358286743,23.339
"229","20170809-37-890",2017-08-09,"37-890",16.0339007623271,69.9615737584271,127.72589524983,0.73974830609045,50.9071478698114,10.6346784393666,192.473666556866,50.1482313763182,23.413
"230","20170809-8-994",2017-08-09,"8-994",27.2735407557632,23.7394130502587,8.63992173799965,1.03441022449232,18.3178945512895,8.40548729798915,342.263789864123,27.2837768022768,22.842
"231","20170906-14-972",2017-09-06,"14-972",5.32036635656305,325.116382176801,37.5522817905863,0.270953608787554,47.343275992016,0,19.2209752023938,25.0022092870977,20.459
"232","20170906-16-970",2017-09-06,"16-970",4.40182458180921,337.539736988031,32.7497636218807,0.571556779775853,24.7231937476779,0,28.2251982787189,25.5755484369059,20.683
"233","20170906-27-918",2017-09-06,"27-918",0.697256704149992,3.83310025096864,28.3565766440172,0.0353228991474799,0.809574887445432,3.71417095228986,4.47898334406771,2.06178540608115,19.914
"234","20170906-29-905",2017-09-06,"29-905",0.514008621512697,0.890627836765991,16.6555401132016,0.0283294259502768,1.00511454752932,0,22.792394535666,0.914569647339343,19.598
"235","20170906-3-996",2017-09-06,"3-996",29.0856845335357,137.220085023776,17.9334648815577,3.46191473670582,83.7721850663766,0,124.489909675611,34.7569331911671,20.919
"236","20170906-36-873",2017-09-06,"36-873",23.0988835923944,81.868474849429,76.3596268301297,1.28547011641761,70.0156998524036,10.3184843890642,18.7727371981592,38.3159126397192,19.972
"237","20170906-37-890",2017-09-06,"37-890",10.6746905403703,259.813147029022,161.467759329024,2.38441159965432,93.5114721247716,0,3.70029189120334,0.361174586358009,19.821
"238","20170906-8-994",2017-09-06,"8-994",36.8741957347032,138.988935736999,35.8066633308826,3.86987863220114,171.759725421179,0,181.480005225588,46.4910590003855,20.771
"239","20170920-14-972",2017-09-20,"14-972",20.0559656479751,255.291821576794,214.774003484766,0.654150752070489,123.402263166532,5.15609642237508,33.2395867043084,7.87042582901402,21.991
"240","20170920-16-970",2017-09-20,"16-970",39.4033095576333,418.843417796187,143.416414738146,0.546729397119309,267.41003559597,0,172.893040816854,41.7742969623951,21.075
"241","20170920-27-918",2017-09-20,"27-918",0.34704558643328,6.95603195432614,43.1119797777685,0,1.0303684519512,9.25236122282984,3.35368475174691,4.8347231434979,20.54
"242","20170920-29-905",2017-09-20,"29-905",0.757405086849478,22.4910126723304,9.22905100133566,0.115596861493979,0.609240281367275,35.086161257264,16.6765374774945,2.91043100626276,20.582
"243","20170920-3-996",2017-09-20,"3-996",10.239710466186,208.222200604467,128.249195465159,1.0907148077928,93.3163719137339,0,40.7277551407183,1.02814365583246,21.217
"244","20170920-36-873",2017-09-20,"36-873",19.5223150158703,743.525096519387,293.814887189461,1.38087497827058,640.675851615151,3.15905220783057,58.2243493264056,38.2263429738082,21.044
"245","20170920-37-890",2017-09-20,"37-890",11.9021859519885,513.680366896604,240.652065131858,0.257631372763635,140.574525463902,4.20111738905638,2.20370396797099,5.72870633183234,21.063
"246","20170920-8-994",2017-09-20,"8-994",22.2243434389007,201.727888695911,64.2510195383407,0.58587447016572,40.4198683355329,4.15002331566295,161.608676120747,23.2953104777146,21.047
"247","20171002-14-972",2017-10-02,"14-972",3.61669716335322,188.866890491797,111.237872393547,0.0422605609053928,89.0967511589835,0,9.20993195528468,3.70179481194035,19.656
"248","20171002-16-970",2017-10-02,"16-970",6.35722589972707,117.201601542371,69.1870765482041,0.135804544295166,115.936717836532,1.19981533138931,7.04269217795595,2.94426387531366,19.871
"249","20171002-27-918",2017-10-02,"27-918",0.236041896030657,3.39157110838736,3.48854232740827,0.0204342834975367,0.596871478036225,0.498033946415457,1.36616785497488,0.429387141646969,20.563
"250","20171002-29-905",2017-10-02,"29-905",0.281788375451384,4.23346555045094,16.318483783947,0.00568714331659006,1.469376250396,0.134353528480149,1.677441704244,1.14095341613168,20.752
"251","20171002-3-996",2017-10-02,"3-996",22.9665839244762,239.670084951709,71.2495541478915,2.2382523744315,141.158112213788,0,222.528881533375,8.06119278327115,20.158
"252","20171002-36-873",2017-10-02,"36-873",2.57213273012553,89.7320603853205,114.744341133439,0.20033457119454,9.64330890751637,0,3.58569673564347,4.68335900165678,20.129
"253","20171002-37-890",2017-10-02,"37-890",12.4007301461709,286.457302832232,307.560252529397,1.56031813105825,135.139803899865,5.05547561897965,18.9867894373928,4.17991774251482,20.129
"254","20171002-8-994",2017-10-02,"8-994",18.2250078839726,205.776990581693,395.023716320596,1.24699345987178,113.113976924943,0,68.0603875524751,11.8900967001033,20.292
"255","20180312-27-918",2018-03-12,"27-918",0.316806482010626,21.9949092758501,0.0338548151875468,0.0235244710456548,3.98689408945748,0,0.388447584224565,0,1.514
"256","20180312-36-873",2018-03-12,"36-873",0.12730168194331,29.0942495373407,0.0228104312750147,0.0447915612518257,2.65577913407644,0,0.431545462399875,0,2.163
"257","20180312-37-890",2018-03-12,"37-890",0.164815704158489,28.0870917075536,0.0164727787044738,0.0977737765039093,6.05170992506378,0,1.35110729594595,0,2.459
"258","20180322-27-918",2018-03-22,"27-918",0.325712115473931,14.8361075374654,0,0.0502260825110921,6.7892604428465,0,0.119103842395029,0,2.508
"259","20180322-29-905",2018-03-22,"29-905",0.283996864425931,38.6667221483261,0.036432967127849,0.0439972562712529,7.59850391930921,0,0.231314949935247,0,2.426
"260","20180322-36-873",2018-03-22,"36-873",0.104944215605165,64.8293566175253,0.0152476344975468,0.0137455913743192,3.1055000949275,0,0.0668213726111954,0,2.469
"261","20180322-37-890",2018-03-22,"37-890",0.0616783003431374,8.72374956677506,0.015850551663034,0.00722759641624954,1.30847650373853,0,0.0421063998113619,0,2.975
"262","20180402-14-972",2018-04-02,"14-972",0.452137034946909,22.2111184582682,0.0326589379639384,0.0317632944654084,4.0814740682435,0,0.124542305457685,0,4.086
"263","20180402-16-970",2018-04-02,"16-970",0.794010768220774,37.2229457453147,0.0625766451505527,0.0198265814646124,4.6731004789683,0,0.0965224955685205,0.0104415401743311,3.509
"264","20180402-27-918",2018-04-02,"27-918",0.644019364275444,10.8845619094971,0,0.140545219645526,3.5583481800723,0,0.566430469131123,0,3.685
"265","20180402-29-905",2018-04-02,"29-905",1.58821488446942,94.2730816713628,0.0359660718838371,0.166770823027529,7.63335181355571,0,0.223363089636265,0,3.537
"266","20180402-3-996",2018-04-02,"3-996",0.504333563175507,12.2018790117111,0.473780605451955,0.21265889345506,6.16745120627679,0,1.07920564226828,0.00419650471768353,3.703
"267","20180402-36-873",2018-04-02,"36-873",0.574655452920928,36.9226646770653,0.0757210779948128,0.0917000532279199,3.93692675518585,0,0.147822121750093,0.00146066186306112,4.091
"268","20180402-37-890",2018-04-02,"37-890",1.66164088048262,37.9363972562206,0.480258468029088,0.44935649536845,7.31492892330834,0,2.23872071857004,0,4.716
"269","20180402-8-994",2018-04-02,"8-994",1.14641479185567,105.612677856337,1.75958994037986,0.124667258525663,27.3520459058454,0,0.884747398253017,0.350917336647766,3.04
"270","20180418-14-972",2018-04-18,"14-972",0.592150584380308,7.66785136931116,0.599609551137959,0.0739086303579085,6.49439395896754,0,0.395458647699261,0.167402055004537,5.1
"271","20180418-16-970",2018-04-18,"16-970",1.32180461138402,14.2253573651559,1.86934838502591,0.531226500194693,3.09488626501267,0,0.278964781949715,0.0499583894962325,4.8
"272","20180418-27-918",2018-04-18,"27-918",0.662744144119489,16.8099082079894,0.201056205081112,0.0893163618715028,2.11393271500332,0,1.1648774589991,0,4.9
"273","20180418-29-905",2018-04-18,"29-905",0.652470123617804,20.0375676685859,0.532060030862385,0.0417100483907083,0.923805483459933,0,0.115057488929429,0,5.1
"274","20180418-3-996",2018-04-18,"3-996",0.99841703313336,19.0492280026081,1.96957555505288,0.168606509134703,8.75744864894272,0,0.709960462992272,0,4.9
"275","20180418-36-873",2018-04-18,"36-873",0.76854814721256,17.4047051701066,0.607301327443676,0.0419389342258968,1.66917840558158,0,0.264005646479824,0.0402165035444672,5.7
"276","20180418-37-890",2018-04-18,"37-890",2.33218187673215,34.6865000275276,1.3389339774891,0.6695897195903,5.73816897044637,0.00825817775849002,3.60880692654206,0.0055541974204635,6.1
"277","20180418-8-994",2018-04-18,"8-994",2.29604123866249,21.9783428154119,1.33235362412864,0.239869337872747,8.91154032602636,0,3.10234620361253,0.00522928936782994,5.1
"278","20180508-14-972",2018-05-08,"14-972",2.04196632856553,17.4639271389033,1.13262567322566,0.0480216991290377,9.03491336349059,0.0466205221001961,2.87819805088674,1.26126925221308,12.26
"279","20180508-16-970",2018-05-08,"16-970",3.61175627547857,9.21961530776432,0.503239004787772,0.0758789318406762,17.43543532078,0,5.10258336936019,1.18870656385521,11.19
"280","20180508-27-918",2018-05-08,"27-918",1.04054936238788,4.66840784589852,0.315760192269255,0.0679916031197497,6.20830998892133,0.120164402541216,11.5821015921584,14.6517273057939,13.06
"281","20180508-29-905",2018-05-08,"29-905",1.67980210645025,6.37397924276884,1.05281631446882,0.141681122536915,15.5359176799142,0.0530295825256263,112.700631050714,0.959225517817022,13.87
"282","20180508-3-996",2018-05-08,"3-996",4.24270789503049,11.1240605773594,3.3740840411589,0.031368843272762,26.3726595098625,0,13.8910996647921,32.9353733130476,13.16
"283","20180508-36-873",2018-05-08,"36-873",2.19433428722443,7.15556752266454,1.68792822045081,0.0984408664765834,7.14688468973514,0,39.560821117771,25.1618295162746,15.05
"284","20180508-37-890",2018-05-08,"37-890",1.78229619164367,6.12425981711805,0.936771348789733,0.0952889486433027,5.04203712746772,0.635932531873488,61.7423453694721,13.9251508825778,15.69
"285","20180508-8-994",2018-05-08,"8-994",6.14611397553434,37.806060937291,2.29528068561433,2.34971882142734,12.0803964058964,0.0595936704006674,7.07121908044236,0.116569575491209,10.41
"286","20180522-14-972",2018-05-22,"14-972",4.10059231189894,53.0893828534569,4.26187046203864,0.771807339624051,11.6275747505189,1.16986415938444,47.6922046289649,23.6317137174581,14.3
"287","20180522-16-970",2018-05-22,"16-970",3.74734401622055,41.4646345999329,5.27440306614828,1.2132094892936,19.6257794906957,3.12801694829816,203.994860208858,34.7471723284039,14.1
"288","20180522-27-918",2018-05-22,"27-918",9.6724150087629,106.818103020006,29.7233647887299,1.85389595759499,56.6685137565078,21.1723948470796,9.15617514252533,205.507715681611,15.3
"289","20180522-29-905",2018-05-22,"29-905",6.14104128984824,71.0346303054512,69.5549047936278,2.85783657704619,59.8867088739978,1.23280549764926,7.0636844110275,144.047464262811,16.4
"290","20180522-3-996",2018-05-22,"3-996",15.2095962966175,359.672287816017,64.0561800823712,0.85093395434696,314.79309508509,1.5157418798974,10.7534131745257,295.167615479375,15.6
"291","20180522-36-873",2018-05-22,"36-873",9.68062065875491,102.272173096506,109.271407572647,4.58411912152073,126.443862255063,14.9139969511954,14.9980497114234,91.9795759609854,17.6
"292","20180522-37-890",2018-05-22,"37-890",3.91320796339756,154.522552388428,16.9309297738303,0.832802875568902,43.4711701828874,2.16650161504419,17.9608761054795,126.205110628971,16
"293","20180522-8-994",2018-05-22,"8-994",2.73040332028014,148.889981820758,12.3044100721346,0.381425520427308,33.177826028033,0.178674865410173,8.76561979127931,56.7763833495562,14.5
"294","20180607-14-972",2018-06-07,"14-972",10.1164700301045,222.513282444818,139.093560326751,0.475686123437564,505.451680594979,12.0393069727138,1.65157903732742,31.7485091260042,18.8
"295","20180607-16-970",2018-06-07,"16-970",7.78716759540452,102.089255072043,88.8655391397553,1.01585981135359,91.7735548875449,0,1.71817190674388,3.84521359878242,18.7
"296","20180607-27-918",2018-06-07,"27-918",0.357443285407009,3.99891705221068,238.593853020457,0.0715007976918137,4.61258042382269,1.27259002834501,14.0150524031495,9.3127912912977,19.6
"297","20180607-29-905",2018-06-07,"29-905",0.230037275407626,0,98.5446666974644,0.0153037195593287,0.346194763288949,17.1652876387506,2.93400399598326,32.3857466551973,19
"298","20180607-3-996",2018-06-07,"3-996",20.5763709504875,85.644915008149,173.570914732612,1.47185145523766,120.680425465595,0.905736474074247,19.4741655989024,24.426394307821,18.7
"299","20180607-36-873",2018-06-07,"36-873",2.34263338989925,12.9468231282778,268.315005522701,0.184557640708381,1.29573054972753,37.4910074590964,5.03447246079673,36.3856034044606,21.4
"300","20180607-37-890",2018-06-07,"37-890",9.37394697507954,8.65058296536139,146.962872698632,1.4205858467129,0.421716794841899,0,8.58490272393241,37.0217327853491,21.5
"301","20180607-8-994",2018-06-07,"8-994",8.1806245361561,156.842438901535,130.774053407324,0.87372779637285,42.4067555271527,11.5701550796254,3.9719605584424,7.41049444194115,18.3
"302","20180621-14-972",2018-06-21,"14-972",4.19916962436415,12.7825942560671,51.0428411170075,0.179868793568425,9.40686081355471,0.930865071134406,25.0309325102937,35.3869530068423,22.7
"303","20180621-16-970",2018-06-21,"16-970",1.99287394715382,2.81326347060184,433.589491086305,0,5.70631459011568,13.4043312606766,6.81239045414432,10.1915114572314,22
"304","20180621-27-918",2018-06-21,"27-918",1.39533069573813,1.22715083992387,255.378094020666,0,1.2583231851902,1.48698635042708,5.01583424291027,4.68436997807266,21.3
"305","20180621-29-905",2018-06-21,"29-905",1.50647429985545,0.823184132029987,17.6762828226262,0.0556775506102423,0.587370440115167,4.78451955136023,11.5262025325188,8.20489025836745,20.8
"306","20180621-3-996",2018-06-21,"3-996",8.51107702942295,12.296923236548,520.582509134584,0.0574179326648298,50.249152924062,1.69211390764515,184.096006018682,27.1056054719468,21.8
"307","20180621-36-873",2018-06-21,"36-873",3.67179468816036,30.6283765767359,448.556488427639,0.214105962706654,41.547262356553,4.10110266640777,16.3848836747233,69.364161849711,22.6
"308","20180621-37-890",2018-06-21,"37-890",5.08354855117454,16.643501648726,252.510002415651,0.0396607384184068,39.3618543632899,0,10.7265992796174,28.084300802959,22.8
"309","20180621-8-994",2018-06-21,"8-994",6.00916668424513,68.7371895863849,276.371326060413,0.686273469151039,33.9839405541811,0,30.4859864226869,30.3292840959855,21.8
"310","20180702-14-972",2018-07-02,"14-972",5.91530778347923,47.6462060532833,21.9663884958083,0.694288126561728,13.9225430965991,2.27232169563655,495.338365734056,144.187597992203,23.8
"311","20180702-16-970",2018-07-02,"16-970",5.38857689073886,30.3685261247054,53.7815637133553,0.205882040745312,6.95334458216876,3.30373756410232,132.824026158623,124.842200346796,24.5
"312","20180702-27-918",2018-07-02,"27-918",0.706969906485081,0.413239722472493,5.14079612535725,0.0247949780051755,1.18943355243889,5.22687748712728,24.4374420378874,13.6953498556834,25.2
"313","20180702-29-905",2018-07-02,"29-905",0.802981052900916,2.08449967894349,3.48110986488644,0.0284320658035762,1.00998991956748,2.5522408184745,13.4674838187535,49.8886171014106,24.9
"314","20180702-3-996",2018-07-02,"3-996",4.40080968211015,28.8794328169948,17.6822018529323,0.0637893012127354,12.4848826784013,0.782019650805401,86.0148880386386,78.9777729968292,22.2
"315","20180702-36-873",2018-07-02,"36-873",10.7812290727209,8.30274871314447,140.380342346303,0.674969136288862,48.3743786788181,18.801118417127,287.47214520867,202.075239268454,24.7
"316","20180702-37-890",2018-07-02,"37-890",8.60405344275432,12.0295085732054,81.6459494462706,0.246608247915839,6.71657907213486,0.984171200472084,80.6297119604351,107.491998230346,25.2
"317","20180702-8-994",2018-07-02,"8-994",3.00480337689659,8.26995395454344,25.3203353078235,0.0978575131937592,10.1993460383522,0.90773792090411,121.053869182363,36.5562188740432,24.3
"318","20180719-14-972",2018-07-19,"14-972",6.63583163343802,21.5201135843612,1.01269421800203,0.0985379847010656,14.1308567177123,2.44580818914477,74.7620237244041,14.5275363317626,25.3
"319","20180719-16-970",2018-07-19,"16-970",12.6326508751881,79.2201408943411,3.26507542626899,0.293459345270751,23.8135811493646,11.8460979853129,62.2307283792219,22.2603520145635,25.3
"320","20180719-27-918",2018-07-19,"27-918",1.02108047018376,4.62261045982817,162.884942929653,0.0310022802665804,7.42038031073142,1.0746597244555,5.98343041344466,7.79648838702835,24.5
"321","20180719-29-905",2018-07-19,"29-905",0.258262332434237,1.77389040687362,163.393760406073,0.0414842206445404,0,2.21740657668311,4.4718630608572,18.2330894630388,24.7
"322","20180719-3-996",2018-07-19,"3-996",15.79893986063,48.6142134749468,3.3944711593026,0.843634771638829,42.7430258756033,7.3679726638929,109.746625637343,9.36151855047455,25.3
"323","20180719-36-873",2018-07-19,"36-873",17.0847955237319,120.95120275,107.156476524946,0.315795162099382,117.27689682403,0,14.9808908293401,3.38562631605942,25.6
"324","20180719-37-890",2018-07-19,"37-890",10.5714038167771,70.1728409500253,6.88534740114011,0.0245496200346713,73.4139550764158,4.04179817382844,66.1475679477727,84.5442169952828,25.5
"325","20180719-8-994",2018-07-19,"8-994",12.5398291697225,40.463902502692,7.89852173354811,0.568495901959727,10.5855198629967,19.8900783241283,164.37157364875,18.1563061254879,25
"326","20180730-14-972",2018-07-30,"14-972",18.8629988195396,189.020113743959,5.14059184553755,0.356598323968403,468.478252555259,3.24694787069881,175.987702584773,49.6073775074242,23.6
"327","20180730-16-970",2018-07-30,"16-970",20.7464725249499,226.516424763237,23.3287860345679,0.198605996490854,368.518821712796,2.156643539239,77.0772319964084,20.1669019818459,24.2
"328","20180730-27-918",2018-07-30,"27-918",1.38959579746218,15.1154038083961,49.7049558688668,0.0703448577271432,5.73201553180452,3.3994173505847,16.7370603698538,49.1782086404575,23.8
"329","20180730-29-905",2018-07-30,"29-905",0.464055342428596,2.84157247748813,6.49582194800459,0.0182341550462332,1.68626818988882,12.3379131466544,23.7992539534686,7.18176931851201,24.2
"330","20180730-3-996",2018-07-30,"3-996",26.6463695687056,36.5645581939342,9.72699071348863,0.443128361632117,32.3417110391594,5.34635043032342,445.079619739781,10.8387710947298,24.1
"331","20180730-36-873",2018-07-30,"36-873",26.9300831947524,89.2579715920151,79.9039542051389,0.304132702875568,80.7029449037477,1.61409582905459,221.676539181807,128.702874902769,24
"332","20180730-37-890",2018-07-30,"37-890",32.0852705491765,943.808825992999,14.0312832981878,1.60416423414055,587.786340707167,11.3498423393456,207.128643175265,78.6844634565662,24.3
"333","20180730-8-994",2018-07-30,"8-994",64.9721571453143,261.132520685919,9.03869987845126,0.797875539134462,291.243646335427,7.76679207151631,367.942630360945,70.8562916230105,24.4
"334","20180817-14-972",2018-08-17,"14-972",22.5818874229069,252.691207365753,56.3022140909142,1.65079208676332,64.0580132591935,0,201.351364766507,7.134058020062,24.8
"335","20180817-16-970",2018-08-17,"16-970",26.811885565738,132.137304692086,4.83500206601059,0.717481163545623,5.16779967491652,0,55.4712338704144,8.66071749494342,25.1
"336","20180817-27-918",2018-08-17,"27-918",4.20211505424489,51.3704996018512,91.7932979931623,0,32.433415288492,3.19941348619239,197.734958298623,47.7462021834351,24.9
"337","20180817-29-905",2018-08-17,"29-905",1.0969532716409,11.084917700693,15.1405247631483,0.0330456752436379,2.66636149621862,5.27848263049039,41.7694108398174,21.9814351814731,24.8
"338","20180817-3-996",2018-08-17,"3-996",16.6456110909954,298.32779395826,10.5410500385584,2.06588083409047,93.0330324689716,5.6156083882207,29.5742815967011,11.0007140130223,24.8
"339","20180817-36-873",2018-08-17,"36-873",7.36431549099073,235.504533531028,308.405535027476,0.298886069709446,302.197225237512,2.61874713354883,75.8725725308966,1.39567012103954,25.2
"340","20180817-37-890",2018-08-17,"37-890",40.4040249375924,618.381636409021,492.771628429443,2.54369952791329,492.415079185038,9.23077345997003,138.874153398083,2.74537691811072,25
"341","20180817-8-994",2018-08-17,"8-994",58.3863125898188,915.981625721793,0,1.46870239012992,15.367184288939,4.39139369100971,53.5938852635687,5.60126689012844,25.2
"342","20180831-14-972",2018-08-31,"14-972",26.4676474227213,421.478801598525,15.0587090303945,1.46011723877617,46.4524551040462,2.44606884677387,29.6871600766228,4.00575450324337,23.9
"343","20180831-16-970",2018-08-31,"16-970",33.0898717459356,776.399388244144,10.4371550012251,0.900244420856227,99.0064755912085,9.99918649389271,122.345070300552,5.05385514387694,24.2
"344","20180831-27-918",2018-08-31,"27-918",1.64238303493636,11.9817623362773,49.4538880096015,0.107914102208223,27.7326827844163,16.7137464947673,6.76072493438436,40.6231415985063,24
"345","20180831-29-905",2018-08-31,"29-905",12.6256045505143,270.585021499697,164.372399215472,0.477497504138223,140.598734291103,1.01703875243797,42.5571327287735,34.1092409056295,24.1
"346","20180831-3-996",2018-08-31,"3-996",30.1297857828229,225.987278349296,2.74858230258311,1.11803493318675,16.9658775820215,0,116.683335894767,1.66625922613905,23.6
"347","20180831-36-873",2018-08-31,"36-873",25.0646490822382,329.847549718768,632.648169456705,1.43522368932116,194.403668736053,0,207.46124413122,6.15791453138344,24.2
"348","20180831-37-890",2018-08-31,"37-890",10.329011608082,439.984111473545,465.700170529351,1.19263844204894,559.545915798045,0,19.9818113859145,8.8738589342683,24.4
"349","20180831-8-994",2018-08-31,"8-994",25.6100630975427,102.339423896962,0.497829547461017,0.829906986893227,15.6832411379476,0.897810532163538,79.6161985776313,1.01684537390024,23.7
"350","20180927-14-972",2018-09-27,"14-972",3.18791347903815,102.049486462188,224.037191444713,0.817160677185,290.749802282812,2.32650947502443,4.40803953729872,4.65617340454319,20.2
"351","20180927-16-970",2018-09-27,"16-970",4.84229064653314,113.314647490276,189.159984432574,0.225479439170753,128.79780218171,0,44.4343010112223,31.2770742239851,20.5
"352","20180927-27-918",2018-09-27,"27-918",0.62793878619356,4.17508318732042,10.8214709695637,0.0715753482725251,0.442062810343779,3.51579792634198,10.5300611968268,1.98944205849935,20.1
"353","20180927-29-905",2018-09-27,"29-905",0.821025501609923,2.43999012134019,5.36087527028306,0.199988280238774,0.125745414918882,3.07742388006527,4.93423988239304,0.769664620710516,19.9
"354","20180927-3-996",2018-09-27,"3-996",17.0779466951163,412.539928099125,46.6865954810582,1.68837121978919,19.5698577337827,1.75571802630191,168.831021208769,12.4483761020074,20.9
"355","20180927-36-873",2018-09-27,"36-873",5.8979984510068,136.287580960113,79.5915130676787,0.835552612654406,117.075405244423,11.4096676907849,44.8960517566601,7.75815359346109,20.5
"356","20180927-37-890",2018-09-27,"37-890",5.26556020332355,174.377697209426,60.22400290293,0.454058861219043,62.0311023970898,0.732514979432852,20.789313904068,5.84899501984691,20.4
"357","20180927-8-994",2018-09-27,"8-994",18.9721599769043,745.069968880482,40.0876864697319,1.88725204016536,339.351009587929,0,245.971490842144,53.3795400089345,21.1
"358","20190416-14-972",2019-04-16,"14-972",1.37735009495238,4.91843254036764,0.538015768277879,0.365624420801921,5.84425088561403,0,2.0285780628539,0,6.9
"359","20190416-16-970",2019-04-16,"16-970",2.70899684656285,8.21494694082145,0.693917912233003,0.0944049928891381,12.0618659511682,0,3.0250526811289,0,7.3
"360","20190416-27-918",2019-04-16,"27-918",0.841219649536074,23.4735721432573,0.564431211443977,0.224341930691661,5.42234589031436,0.00353687442681073,0.196095839988572,0.0145554442910645,7.45
"361","20190416-29-905",2019-04-16,"29-905",1.87978226796653,81.329377930673,0.240964100648911,0.0735238681368315,7.02481215738128,0,0.4201959045838,0.004954637775,7.45
"362","20190416-3-996",2019-04-16,"3-996",3.42542909260104,4.22070218912781,2.28124148809525,1.42210583142286,17.9892348885133,0,100.857424906727,0.3597895065495,9.7
"363","20190416-36-873",2019-04-16,"36-873",2.42172570165028,23.4500177283761,1.10915194293062,0.127175445408654,7.08504376324681,0.0166549795081374,4.5623818630697,0.4467849013785,7.4
"364","20190416-37-890",2019-04-16,"37-890",2.13763248712369,5.48871788516606,1.8034007770266,0.96544511190858,11.2525974397376,0.044627617141859,6.63284884873583,0.86720323554258,8.2
"365","20190416-8-994",2019-04-16,"8-994",2.00345223635435,49.9993949482589,3.28272081006756,2.87097827543281,30.2356840966591,0,21.8207451211584,0,5.2
"366","20190424-14-972",2019-04-24,"14-972",3.86536094684734,9.78996338315769,2.10652478085434,1.11890113724439,16.7808828527682,0.122482052679769,8.9217974406579,0.3708179609325,9.4
"367","20190424-16-970",2019-04-24,"16-970",9.13782797779396,60.0620511558792,2.15412561503227,0.974848650083275,30.7233390328061,0.0379331229580497,5.4221384392111,0.568466772606,9.5
"368","20190424-27-918",2019-04-24,"27-918",1.22239343449046,23.2134519712212,0.317962628636514,0.615070018865543,3.65517227875012,0.0103554146592683,0.293565630860115,0.0990797152747198,8.7
"369","20190424-29-905",2019-04-24,"29-905",1.20239082689576,41.6215794737415,0.103350308266072,0.111391578572607,4.80320113218757,0,4.3194811127135,2.273055691557,9.1
"370","20190424-3-996",2019-04-24,"3-996",4.01199351061022,11.1789711341916,4.03824556953511,1.31654627169503,10.5829774990931,0.0675751355704839,28.6197000454255,0.0484211487555,9.4
"371","20190424-36-873",2019-04-24,"36-873",3.01183066503653,32.4513651909753,0.363859350554896,0.176581549431019,7.28323147255858,0,8.8048590623484,1.9960369489095,10.5
"372","20190424-37-890",2019-04-24,"37-890",5.23406138489194,64.1224356965934,2.14528317099494,0.117398862220466,19.4101032564592,0.057992291064703,4.55189997527777,0.482004580998559,10.7
"373","20190424-8-994",2019-04-24,"8-994",4.30217223116512,24.4401056412919,2.87888556751758,2.93517234624036,28.0974739797854,0,8.0882832015336,0.053409994395,7.7
"374","20190515-14-972",2019-05-15,"14-972",4.57453664357471,32.1782584132489,5.74295776321359,0.506308101833135,28.4062479416147,0.676342854102007,52.9882899233594,21.8684254737225,11.4
"375","20190515-16-970",2019-05-15,"16-970",4.94798792005105,26.8141381705616,5.60993137813244,0.388486245355917,19.0438221771381,0,40.6381365200966,63.027173739126,11.1
"376","20190515-27-918",2019-05-15,"27-918",0.871552687432838,4.25017061891088,0.383225138863014,0.354182553730879,3.72440183613634,0.018812699704658,0.386646529923323,26.4760249564841,11.1
"377","20190515-29-905",2019-05-15,"29-905",0.792457676917216,13.823867217904,0.837150333825424,0.59201511623658,8.07818756374252,0,3.1433361016136,8.61987237303,11.1
"378","20190515-3-996",2019-05-15,"3-996",4.95937702886621,29.0232449548056,4.86763829095019,2.19105077372638,12.4499386584594,0,31.9355073653062,21.671572813938,10.9
"379","20190515-36-873",2019-05-15,"36-873",5.09509306529893,42.76017804619,11.694408830174,3.88866320636699,46.3727446021415,0,3.6090764887889,35.415538915665,13.1
"380","20190515-37-890",2019-05-15,"37-890",4.64700315087221,40.1870297445626,19.5562033565689,3.31682836482655,20.4016277265149,0,1.23616305867241,25.9656672296513,12.9
"381","20190515-8-994",2019-05-15,"8-994",6.64872980779955,33.8695487110764,6.12991364488945,3.29949591698057,64.3278376446774,1.10724070482415,17.1117173215402,21.9673905426405,10.7
"382","20190521-14-972",2019-05-21,"14-972",2.84932191995339,51.0951036388081,3.71079238362845,0.867576040712697,12.2972363330933,0,1.6185121936194,14.1319958083215,13.3
"383","20190521-16-970",2019-05-21,"16-970",3.62796653902773,48.7027177074371,2.49797508262595,1.86854723753829,18.8321940040815,1.95682933929434,4.3567141578983,24.6139005316485,13.2
"384","20190521-3-996",2019-05-21,"3-996",19.0176575396799,158.668356942192,130.426783286192,11.0745553431251,191.991206274906,0,142.31989923654,79.4866386840555,13
"385","20190521-8-994",2019-05-21,"8-994",16.9510162241712,72.9615878463784,13.2856027525682,14.6607330598753,145.678457392068,0,17.3647388561546,58.5292919465295,11.61
"386","20190524-27-918",2019-05-24,"27-918",0.334579212726447,3.64818440733406,0.412885472673065,0.249585490297094,6.74922965084854,0.422088913862457,1.0901701447508,18.3521371261995,12.8
"387","20190524-29-905",2019-05-24,"29-905",0.385412532509047,5.58477790688755,2.6478732023345,0.110990439219635,0.699644901848005,0.024807304023767,0.240017304955,30.178826820321,13.1
"388","20190524-36-873",2019-05-24,"36-873",16.7464634026787,124.374821642438,250.799905196399,3.28208567678929,74.4352110528266,5.82900699787369,69.4320243862904,102.131088076587,16.27
"389","20190524-37-890",2019-05-24,"37-890",3.68459093466759,44.7276803370653,18.8214698801455,1.56605805008211,33.9312823242101,2.93343165578331,5.73627250269404,47.3424288034484,15.89
"390","20190606-14-972",2019-06-06,"14-972",59.9497806166796,1698.33955733622,272.005579659504,20.3198182764393,34.504523804433,8.3876070000094,6.8106931641563,20.2690928644395,8.22
"391","20190606-16-970",2019-06-06,"16-970",23.0568201477327,448.0520482397,348.798560317403,10.8964538437069,142.634618217458,0,25.4539715413639,32.0091621447165,6.94
"392","20190606-27-918",2019-06-06,"27-918",0.847860392150305,14.9083890786681,3.20846325445565,0.466765778946098,2.80754358101014,0.752878197276542,1.94268510269921,14.0518013639547,17.2
"393","20190606-29-905",2019-06-06,"29-905",0.75791559024572,10.7665016532305,11.4624605306422,0.474172166850751,1.6735633626395,2.67302202563911,4.3700721943969,15.906831574053,6.61
"394","20190606-3-996",2019-06-06,"3-996",26.4922964842894,595.716987769401,341.163697149328,9.08557488686321,293.091036495989,3.52038631747006,29.8608617476559,3.8844181033815,7.72
"395","20190606-36-873",2019-06-06,"36-873",16.6665301147594,24.1085276738594,192.289423266469,3.98289851765491,40.5470602646229,23.1952772461724,247.00554282114,123.656853638058,9.11
"396","20190606-37-890",2019-06-06,"37-890",21.6897367139535,48.356615118658,99.3383829198634,9.286040640219,38.0333388328988,9.13627756638544,181.4163128216,155.662348327941,18.3
"397","20190606-8-994",2019-06-06,"8-994",17.2635425330071,370.837135394172,308.06929562291,2.61018359800197,250.55031563598,0,51.0959545798166,1.5332990581245,7.83
"398","20190618-14-972",2019-06-18,"14-972",3.78967369745517,31.0864531634935,50.3884765654182,2.35106892735448,33.8829388593074,0,5.1062914643669,18.484638529998,18.5
"399","20190618-16-970",2019-06-18,"16-970",34.9389697136867,168.969815693926,330.174509975729,27.8002112045454,80.981869313402,17.4063177781181,18.0528110312297,119.8736901672,18
"400","20190618-27-918",2019-06-18,"27-918",1.01964503886684,0.629564747597148,83.2850944372217,0.357739355274688,0.608256904409483,1.54303909715393,13.9361491346709,8.95731215308587,17.5
"401","20190618-29-905",2019-06-18,"29-905",0.970449045303442,2.36051394704731,41.9703051061897,0.572518329124279,2.46569577431575,0.818682022554246,106.520155470679,33.280503080376,17.61
"402","20190618-3-996",2019-06-18,"3-996",4.28472261189241,32.6547115782792,636.292605407017,2.94956521292445,107.424564378415,0,145.322767599045,6.013594279533,18.3
"403","20190618-36-873",2019-06-18,"36-873",2.47948670055108,0.778316046962778,65.3103418743632,1.61781992646501,0.847995625487713,1.48546698856046,4.0669199519911,16.0910365212075,19.27
"404","20190618-37-890",2019-06-18,"37-890",0.980352408655643,3.80679640938262,50.0807806308576,0.671734093537934,1.70114284482261,10.254627381388,0.474124275219828,17.9279004119407,19.17
"405","20190618-8-994",2019-06-18,"8-994",5.25887424033607,71.3709449924038,109.550735634827,3.04534778957192,28.863913109359,1.29255904147162,12.178792077508,12.424390494216,18.1
"406","20190701-14-972",2019-07-01,"14-972",8.15256913494574,31.4081278135696,434.057964680438,0.961509486891204,137.876143945522,0.997802750102577,97.5878962802286,101.564218022516,23.44
"407","20190701-16-970",2019-07-01,"16-970",3.84972053339361,52.1210248732397,336.57626601464,0.4818112588614,120.926406943513,0,53.017887356769,39.932955073356,23.38
"408","20190701-27-918",2019-07-01,"27-918",2.93029858740549,6.9789834270258,104.844070516488,0.654220088290213,1.55422665742436,3.10468947524806,29.2022655318469,39.714832251615,23.19
"409","20190701-29-905",2019-07-01,"29-905",3.46008580700985,27.4767571183192,201.162155449103,0.23488248205093,7.14719737695739,22.9728419499432,51.3374433575993,51.1629498523785,23.28
"410","20190701-3-996",2019-07-01,"3-996",8.7386572705499,20.0600037166643,831.719026793426,2.30956153671368,170.84416927035,0,563.485285791975,24.6067474074,19.05
"411","20190701-36-873",2019-07-01,"36-873",10.4103294467413,77.2863016968523,532.896075853229,3.30237150972508,6.49116779480861,0,246.235782879897,113.182061604439,23.89
"412","20190701-37-890",2019-07-01,"37-890",7.3682911363787,43.8966242301623,578.070192362799,0.737795514294647,28.0935988856599,0,353.594605417203,113.17025625753,24.11
"413","20190701-8-994",2019-07-01,"8-994",7.36332026674969,99.9653736058588,515.62336873928,1.59865156057242,222.447770640017,0,155.284606988064,5.7247523496075,23.2
"414","20190715-14-972",2019-07-15,"14-972",2.07358243561486,6.9108211077808,15.895903033775,2.74598126994135,15.6359839596019,1.73891471364425,319.321704385857,102.443514747318,25.9
"415","20190715-16-970",2019-07-15,"16-970",13.7064867131645,16.4828942862054,58.1994752293769,1.43451243613787,30.8591573262498,10.0865728841512,887.789565271807,78.840296094993,25.6
"416","20190715-3-996",2019-07-15,"3-996",2.55021221180528,13.5000483191265,21.5425802874426,2.203854033095,118.618086219145,0,328.742945685934,15.8942420753775,25.2
"417","20190715-8-994",2019-07-15,"8-994",12.4143196564339,10.2617116703493,71.5816696755826,0.696184393650963,7.00048545157196,1.34646568792791,656.080059867489,5.715477925398,25.05
"418","20190718-27-918",2019-07-18,"27-918",0.504242332593381,10.8890942731901,146.658770949565,0.024720049288185,7.52221868933765,8.01391179324234,9.07790076357347,51.9101884940853,24.3
"419","20190718-29-905",2019-07-18,"29-905",1.39485420790811,7.80198138647124,310.084567498283,0.463023937894378,11.2988502536513,23.807970531743,7.5840151728862,135.668413337409,25.2
"420","20190718-37-890",2019-07-18,"37-890",5.77073979310502,23.3916542193297,400.508157209204,2.39135284636117,86.6480967710685,2.50779614318627,18.5409208435836,30.901534739306,26.9
"421","20190730-14-972",2019-07-30,"14-972",6.54196215416234,536.166789224273,10.8373391746895,1.02852009901769,306.410709160146,0,263.320989333505,18.9639283817115,25.9
"422","20190730-16-970",2019-07-30,"16-970",7.05189146017243,149.956785023321,4.59080852279558,0.721603908725578,89.6506419140138,0.953136001656977,184.56131633904,22.6184213457285,24.8
"423","20190730-27-918",2019-07-30,"27-918",0.836005257556492,4.47296964196169,8.20983293574641,0.117740189269529,1.87142202833298,0.823872608169677,10.4845907763557,11.4198988097923,25.5
"424","20190730-29-905",2019-07-30,"29-905",1.96571476869154,9.85511164418395,5.32928541084321,0.405204505033418,2.16849653164936,6.72053951988026,15.1957739146869,37.4887293834645,26.4
"425","20190730-3-996",2019-07-30,"3-996",6.02751114948985,209.59310114198,2.91585039313884,0.280429244276742,80.8813584147851,0.670800162365208,106.397008227579,24.000929733831,25.4
"426","20190730-36-873",2019-07-30,"36-873",11.2329207994187,71.9911092895501,287.010324302947,1.26709245196453,186.460057540904,18.6770498937238,39.2943122556196,43.530222228147,27.9
"427","20190730-37-890",2019-07-30,"37-890",8.62703701322501,87.7487412534318,417.897151420091,2.14643613164813,228.932213278331,13.214494379037,23.4993496033011,32.7971149953051,28.7
"428","20190730-8-994",2019-07-30,"8-994",8.84019287809979,154.539720258321,12.0619925860284,2.14464590732104,62.8436445084196,0.661586148836817,133.873293011225,4.704905048445,25.1
"429","20190816-14-972",2019-08-16,"14-972",24.5383064963329,356.514070515544,17.664977873883,2.09475705654508,158.931156309697,4.21629410967954,44.5265440085285,6.33180291669,24
"430","20190816-16-970",2019-08-16,"16-970",40.2273623651042,316.26162736802,14.6260311326943,0.756098618531421,78.2141975737356,9.86272224050242,138.947400983387,20.217253752249,23.8
"431","20190816-27-918",2019-08-16,"27-918",7.71341946249182,43.1098114073828,60.8288174764128,0.206303670347029,7.1863422727312,4.382623651406,103.291350392273,26.2480517061662,23.7
"432","20190816-29-905",2019-08-16,"29-905",0.382357142700418,5.6340798384701,3.71380435879881,0.0657402266151098,0.274607253357685,11.4137961814905,21.1819973044331,38.4932327395725,23.5
"433","20190816-3-996",2019-08-16,"3-996",12.4624722587271,97.4472372136371,7.80494884372728,2.45702639348777,128.473383394273,0.774318525687033,79.5525897811065,15.905756860752,24.5
"434","20190816-36-873",2019-08-16,"36-873",3.48713551978776,93.3024311761742,262.961852175009,1.54079782460594,245.369278466157,4.39605049816141,7.7181333513915,3.9618268852305,24.8
"435","20190816-37-890",2019-08-16,"37-890",6.66427564213147,90.4784219365767,629.051189446237,6.3172702202353,390.161789648469,4.04190772806918,8.40430545356818,0,25.4
"436","20190816-8-994",2019-08-16,"8-994",30.2173261613377,383.958614294609,12.4367561959926,1.41769196731788,79.2044384049288,0.83177733324052,84.3351370820971,4.909904482701,24.1
"437","20190830-14-972",2019-08-30,"14-972",26.0570002325086,616.891686683342,56.1037119548323,4.27554207211224,126.537920132875,0,94.9642525143745,26.4056138098305,22.3
"438","20190830-16-970",2019-08-30,"16-970",10.2023041709919,505.582313420916,63.8796949684596,2.55241325608936,52.7557362635493,0,44.5133537777345,13.310772035046,22.2
"439","20190830-27-918",2019-08-30,"27-918",2.34242558392171,17.0746772803933,8.48940377615107,0.0380040282802788,1.73571158074522,4.79654666187693,48.4037646465851,22.5528285795508,21.8
"440","20190830-29-905",2019-08-30,"29-905",0.583026048070419,10.3339876359619,6.86043103328359,0.193369433896067,1.96058615888157,5.93475489907478,19.8618490711686,20.777429548908,22.2
"441","20190830-3-996",2019-08-30,"3-996",17.8840368814429,377.729276011266,28.714550337755,3.55051925867261,175.562223151514,0,15.4888436727439,7.9733491599255,22.5
"442","20190830-36-873",2019-08-30,"36-873",13.3859010477735,143.45672889045,866.24837620279,1.41220781609998,517.10833360574,46.816187066868,19.4835939220571,4.289342468418,22.3
"443","20190830-37-890",2019-08-30,"37-890",29.0519082302031,151.958717819888,1823.56091166446,5.67691304763768,294.489354843716,0,16.1309114182433,0,22.6
"444","20190830-8-994",2019-08-30,"8-994",26.16150014484,792.271315628999,10.4093766829641,2.16269250659386,153.205547903484,0,25.6071431737404,0.3123575993985,22.3
"445","20190910-14-972",2019-09-10,"14-972",34.3275900117818,260.549299046212,304.569643231279,3.28206626664,96.1353436695025,4.93526269484805,33.5050714970516,9.194577682914,21.3
"446","20190910-16-970",2019-09-10,"16-970",21.9323827849556,329.747478025214,323.694090253333,2.40038393837993,50.1854978466252,0,42.7856096704831,19.3012079023275,21.3
"447","20190910-27-918",2019-09-10,"27-918",0.648121084095133,13.1639648917841,7.92377538617125,0.10673016761225,0.0980867275125323,1.03221694042879,4.02039973486189,16.4480980788607,20.6
"448","20190910-29-905",2019-09-10,"29-905",0.276610111264707,10.6922116552065,4.54056624484743,0.0557053976790564,0.840999874198539,10.0602498062929,18.7058597075412,27.4188604503615,20.5
"449","20190910-3-996",2019-09-10,"3-996",37.4669505783692,297.092194245362,9.66223234965314,5.07165233513871,46.6893613290006,0,184.682657463786,42.03913868025,21.5
"450","20190910-36-873",2019-09-10,"36-873",27.15043377219,88.1396825941527,1234.62775866723,6.16404348716402,26.3622554327441,0,12.01132625465,28.040247045657,20.9
"451","20190910-37-890",2019-09-10,"37-890",30.8155022070104,136.950764975664,1951.93217531682,11.0080209829778,26.6578519073575,0,16.9410580410543,5.58773725995905,20.7
"452","20190910-8-994",2019-09-10,"8-994",28.7684671119425,252.314850244942,62.7923205200627,6.28420911576776,40.6833925146171,0,73.3453347276741,17.130003655263,21.4
"453","20190924-14-972",2019-09-24,"14-972",5.79783324391748,78.906729138323,7.34414279550038,0.921508070857147,25.5403698264185,0,22.6875621171443,55.264055055183,21.3
"454","20190924-16-970",2019-09-24,"16-970",6.69732358379694,153.373091237694,23.194733192379,0.873627204407693,14.6505173995512,0,58.7977050079835,31.670005688475,21.8
"455","20190924-3-996",2019-09-24,"3-996",8.78340847758279,171.805478928027,72.9246564494572,1.87971521267994,48.1670415611325,0,64.7735679002456,14.663063160981,21.5
